url,label
htcsense.com,0
onesmartpenny.com,0
ups.com,0
doviz.com,0
pub-b808d49393464900ab418430c76582aa.r2.dev,1
souq-deals.website,1
yellowpages.com,0
wooga.com,0
coronado1991.com,1
interclick.com,0
rfihub.net,0
blogspot.com,0
myhomeideas.com,0
mgtracker.org,0
gmail.com12772.key-protector-case14752.support,1
ebaymotorsblog.com,0
pubventuresmedia.com,0
adzerk.net,0
sony.tv,0
adrdgt.com,0
data-slimspots.com,0
adspeed.net,0
weather.gov,0
clickcountr.com,0
adplugcompany.com,0
buzzfeed.com,0
ksmobile.net,0
gaug.es,0
webtrekk.net,0
upsight-api.com,0
acunn.com,0
gosquared.com,0
rcsmetrics.it,0
corporate-ir.net,0
cometourgeorgia.com,0
netdna-cdn.com,0
wonderful-carver.52-229-21-156.plesk.page,1
yieldlab.net,0
snapdeal.com,0
ipinfo.io,0
sumotracker.com,0
totallyher.com,0
crowdscience.com,0
hu.pokist.otzo.com,1
blogcdn.com,0
openweathermap.org,0
ra47r.com,0
swiftype.com,0
instagram.com,0
ballotpedia.org,0
sigfig.com,0
hshh.org,0
facebook.net,0
espnmediazone.com,0
patch.com,0
quickheal.com,0
pubexchange.com,0
pravda.ru,0
fexaxotira.weebly.com,1
taboolasyndication.com,0
clickjogos.com.br,0
tokopb.com,1
vineapp.com,0
emailretargeting.com,0
dantri.com.vn,0
mainnet-satoshivmio-1cp.pages.dev,1
dmtracker.com,0
vk.com,0
truecaller.com,0
visiblemeasures.com,0
ehownowcdn.com,0
quickbooks.com,0
maxpointinteractive.com,0
www-dofus.com,1
turbobytes.net,0
researchnow.com,0
nationaljournal.com,0
arabam.com,0
hmageo.com,0
pof.com,0
targetimg3.com,0
korrelate.net,0
www-rsblox.com,1
sawpf.com,0
myhomemsn.com,0
adnet.vn,0
xiaomi.com,0
tapstream.com,0
sexad.net,0
yahooapis.com,0
jam.com.vn,0
techhive.com,0
maxworkouts.com,0
onavo.com,0
feedblitz.com,0
reacheyes.net,0
answers.com,0
greystripe.com,0
verifyandfixdapp.pages.dev,1
ibillboard.com,0
coronavirus.zone,1
so.com,0
dessaly.com,0
usps.com,0
yoz.io,0
alexa.com,0
wsoddata.com,0
archmetalroof.ru,1
posterous.com,0
drtuber.com,0
gelocal.it,0
vitrinesglobo.com.br,0
poponuss.de,1
sitescoutadserver.com,0
emodio.com,0
ssl-images-amazon.com,0
safemovedm.com,0
sellpoints.com,0
parentalcontrolbar.org,0
vindicosuite.com,0
pbs.org,0
faithful-cotton-blue.glitch.me,1
farolatino.com,0
springboardplatform.com,0
lnstagramhelpcenter.hungry-ptolemy.34-125-197-109.plesk.page,1
rferl.org,0
yandex.st,0
cinesport.com,0
mbamupdates.com,0
cap-mii.net,0
mobytrks.com,0
uservoice.com,0
sessioncam.com,0
epic-feynman.34-125-197-109.plesk.page,1
basecamp.com,0
shifen.com,0
mailtravel.co.uk,0
sessionm.com,0
ntvradyo.com.tr,0
pingdom.net,0
sdlcdn.com,0
mainnet-lineabuild.pages.dev,1
suspicious-meninsky.95-181-157-21.plesk.page,1
s-msft.com,0
peakgames.net,0
smowtion.com,0
neworleanssaints.com,0
rivals.com,0
gltrkk.net,0
networkedblogs.com,0
skor.tv,0
coronavirus-update.ru,1
ttinline.com,0
playblasteroids.com,0
logitech.com,0
rottentomatoes.com,0
parentsociety.com,0
horsered.com,0
steamcommunity.com,0
btbuckets.com,0
rating-widget.com,0
newsvine.com,0
siviaggia.it,0
skimresources.com,0
tcgtrkr.com,0
htspor.com,0
neverblue.com,0
c-launcher.com,0
thebrittanyfund.org,0
timeinc.com,0
cedexis.org,0
quantserve.com,0
imgsmail.ru,0
golferstrust.com,0
pow7.com,0
accmgr.com,0
xtendmedia.com,0
ambientdigitalgroup.com,0
rifusefabizavi.weebly.com,1
coreclickhoo.com,0
palcomp3.com,0
ameblo.jp,0
rantlifestyle.com,0
d41.co,0
perfectmarket.com,0
googleadsserving.cn,0
webroot.com,0
mradx.net,0
adtechus.com,0
ipecho.net,0
3gl.net,0
clickfuse.com,0
pub-2f99ca1602494489a730146d1445354a.r2.dev,1
trust-provider.com,0
page-time65463fdhsr.pages.dev,1
akamai.net,0
livejournal.com,0
lasvegassun.com,0
admicro.vn,0
scdn.co,0
ptp33.com,0
cnnexpansion.com,0
birdstep.com,0
livefyre.com,0
backupgrid.net,0
fbmta.com,0
copacet.com,0
reagan-webmail-102298.weeblysite.com,1
wordego.com,0
snapengage.com,0
piriform.com,0
lucidmedia.com,0
trafficholder.com,0
active-agent.com,0
semasio.net,0
adhispanic.com,0
steam-trader-tool.pages.dev,1
qualtrics.com,0
msdn.com,0
apnanalytics.com,0
beanstock.com,0
go2rewards.com,0
scrippscontroller.com,0
uzmantv.com,0
citi.com,0
zergnet.com,0
roguxewotare.weebly.com,1
linksalpha.com,0
agoop.net,0
pub-d9d21bff96fe4c7c808353a8e3cd886e.r2.dev,1
nyaatorrents.info,0
nflximg.net,0
akafms.net,0
linkhay.com,0
omiga-plus.com,0
productsmagazines.com,0
gnu.org,0
mythingsmedia.net,0
npr.org,0
lonny.com,0
maxymiser.net,0
viralnova.com,0
sochi-park-otel.ru,1
porniq.com,0
l0ginboxmail.weebly.com,1
tkqlhce.com,0
indiegogo.com,0
minus.com,0
torcache.net,0
effectivemeasure.net,0
hotels.com,0
suckhoedoisong.vn,0
tienphong.vn,0
2sawbucks.com,0
woopra.com,0
king.com,0
openbittorrent.com,0
allrecipes.com,0
seethisinaction.com,0
festive-jones.34-125-197-109.plesk.page,1
espnfc.us,0
etahub.com,0
legendbook2.ga,1
targetspot.com,0
streamcloud.eu,0
mahmure.com,0
paypalobjects.com,0
cursecdn.com,0
opinionlab.com,0
flattr.com,0
advertising.com,0
dbjhr.com,0
alice.it,0
sciencedirect.com,0
coronavirus.cc,1
collective-media.net,0
wikidata.org,0
gsimedia.net,0
pub-928ffaf37dd04d12b4e22eab0dc5391f.r2.dev,1
photobucket.com,0
cbsi.com,0
techcrunch.com,0
kaspersky-labs.com,0
res-x.com,0
pixlr.com,0
blizzard.com,0
youtu.be,0
nvidia.com,0
polyvore.com,0
legacy.net,0
ibook.info,0
stubhub.com,0
zynga.com,0
produtividadezen.com,1
egrana.com.br,0
ning.com,0
etracker.com,0
nhacso.net,0
bahisfoni.com,0
video-one.com,0
primelocation.com,0
imgur.com,0
adsnative.com,0
mrbfan.com,1
localytics.com,0
zanox.ws,0
meteomedia.com,0
hotelurbano.com,0
iponweb.net,0
postads24.com,0
xatech.com,0
2mdn.net,0
google.dk,0
demonii.com,0
twitter.com,0
vetstreet.com,0
okcupid.com,0
stripe.com,0
bootstrapcdn.com,0
gosuslugicovid-cert.ru,1
atdmt.com,0
google.com.tr,0
ygsgroup.com,0
ungdungviet.com,0
mine-mantanetwork.pages.dev,1
userapi.com,0
qpic.cn,0
archive.org,0
dsusw.net,0
supportscontact.com,1
kochava.com,0
dedicatedmedia.com,0
visadd.com,0
ow.ly,0
netmining.com,0
rugisuvo.weebly.com,1
cpnscdn.com,0
mediadecision.com,0
radiumone.com,0
tinnong247.net,0
stlouisrams.com,0
mapquest.com,0
emediate.se,0
getadblock.com,0
foxnewsgo.com,0
a3cloud.net,0
akuhsapplckssuwipos.ddnsking.com,1
hellothere.shop,1
suprbay.org,0
amap.com,0
netmng.com,0
google.com.pe,0
covid-19-6538f.firebaseio.com,1
qhupdate.com,0
sky.com,0
imageshack.com,0
motherless.com,0
realtor.com,0
mathads.com,0
stack.com,0
qadserve.com,0
ns2.brave-ramanujan.34-125-197-109.plesk.page,1
libsyn.com,0
allyes.com,0
ns-cdn.com,0
elmundo.es,0
adversal.com,0
piratebrowser.com,0
receive-altlayerio.pages.dev,1
1and1.com,0
lenovo.com,0
line-apps.com,0
weheartit.com,0
homepage.com.tr,0
syncblockrectification.pages.dev,1
smilebox.com,0
popcash.net,0
medialytics.com,0
ants.vn,0
amung.us,0
whitehouse.gov,0
xml.lgin.msa.trafficmanager.net,1
boomtrain.com,0
fozaronu.weebly.com,1
me2.do,1
btrll.com,0
pub-4d7d8582319341bab4de01da24967d41.r2.dev,1
quifinanza.it,0
redintelligence.net,0
ad120m.com,0
bomnegocio.com,0
disquscdn.com,0
speedshiftmedia.com,0
svcmot.com,0
verisign.com,0
eastbay.com,0
myspacecdn.com,0
destinationtips.com,0
philadelphiaeagles.com,0
expedia.com,0
abmr.net,0
and.co.uk,0
duckduckgo.com,0
huffingtonpost.ca,0
getvideostream.com,0
gap.com,0
adrta.com,0
sanpedroinmo.com.ar,1
craigslistjoe.com,0
buysub.com,0
dymension.pages.dev,1
taboola.com,0
vlingo.com,0
jangonetwork.com,0
tuoitre.vn,0
ad360.vn,0
hollywoodreporter.com,0
oresac.com,1
peeperz.com,0
yandex.kz,0
bizible.com,0
t26.net,0
slideshare.com,0
klm.com,0
lenta.ru,0
adbroker.de,0
web-fix.pages.dev,1
ustiming.org,0
pozefixinez.weebly.com,1
vdopia.com,0
take-satoshivm.pages.dev,1
helpshift.com,0
santandernet.com.br,0
msn.com.br,0
neodatagroup.com,0
visualwebsiteoptimizer.com,0
loading-delivery1.com,0
espncdn.com,0
prezi.com,0
baohay.vn,0
nbcuni.com,0
massrelevance.com,0
qwapi.com,0
tp-cdn.com,0
coronavirus-266714.firebaseio.com,1
maxpreps.com,0
undertone.com,0
123mua.vn,0
roundcubexx.web.app,1
gamefaqs.com,0
mocean.mobi,0
siftscience.com,0
spacexlaunch.pages.dev,1
bloglovin.com,0
ebay-us.com,0
springboardvideo.com,0
bastard.dnsup.net,1
kau.li,0
technologytell.com,0
public-trust.com,0
dataferb.com,0
skype.net,0
garmin.com,0
mercadolibre.com,0
upi.com,0
streamtheworld.com,0
dating4free.us,1
licasd.com,0
shopping.com,0
pro-market.net,0
fuwurukuzubefek.weebly.com,1
flipkart.net,0
advanseads.com,0
jetpackdigital.com,0
panthercdn.com,0
ibsys.com,0
washingtontimes.com,0
petametrics.com,0
rightinthebox.com,0
msads.net,0
syncfulldap.pages.dev,1
stopbullying.gov,0
doubleclick.net,0
hizliresim.com,0
jezebel.com,0
meetic-partners.com,0
srv87836.ht-test.ru,1
passport.com,0
jntwrk.com,0
businessweek.com,0
fidelity-media.com,0
googlemail.com,0
assoc-amazon.com,0
pphosted.com,0
1iota.com,0
smithmicro.com,0
googletagservices.com,0
mediawhite.com,0
tnaflix.com,0
dynamicyield.com,0
secure-trkr.com,0
buyvip.com,0
ariamax.it,0
biphysics.com,0
avira-update.com,0
bitgravity.com,0
mkemerchant.com,1
blackberry.com,0
testflightapp.com,0
craigslist.org,0
cnnimagesource.com,0
bigfineads.com,0
9gaging.com,0
maximustube.com,0
esm1.net,0
iesnare.com,0
framezap.pages.dev,1
careers.qualfon.com,1
mmondi.com,0
v4cdn.net,0
wsjdigital.com,0
diving-mantanetwork.pages.dev,1
huffingtonpost.co.uk,0
acc-hd.de,0
romitigab.weebly.com,1
struq.com,0
posst.co,0
lowes.com,0
luyou360.cn,0
soap.com,0
mercadoshops.com.br,0
toysrus.com,0
ensonhaber.com,0
trustkeeper.net,0
iana.org,0
zdbb.net,0
tfd.com,0
zlcdn.com,0
spankwire.com,0
ebay.com,0
yandex.ru,0
paradox.com,0
smartadserver.com,0
topix.net,0
trulia-cdn.com,0
portal-platform.pages.dev,1
exploremanta.pages.dev,1
foxnewsinsider.com,0
baomoi.com,0
toyota.com,0
gosuslugipay.ru,1
adsmarket.com,0
drp.su,0
gs-cdn.net,0
friendfeed.com,0
covid19defense.com,1
ngaynay.vn,0
crobo.com,0
eiwenbmlrodscbe.oupthuntracations.web.za,1
bzfd.it,0
fwmrm.net,0
cheetahmail.com,0
ui-portal.de,0
reddit.tv,0
wiflix.yachts,1
minimob.com,0
trib.al,0
bevomedia.com,0
adspdbl.com,0
shoppingshadow.com,0
affinity.com,0
impdesk.com,0
8vpro.com,1
servedbyopenx.com,0
streamprovider.net,0
muratarakab.go.id,1
sportstadio.it,0
microsoft-help-and-services.pages.dev,1
bleacherreport.com,0
xnxx.com,0
coronavirus-alert.firebaseio.com,1
walmart.com,0
calm-wave-01c7f9910.5.azurestaticapps.net,1
dlink.com,0
optimost.com,0
alibench.com,0
1anddomailef.weebly.com,1
mailvarificetion-s3.us-south.cf.appdomain.cloud,1
mookie1.com,0
e-planning.net,0
vagalume.com.br,0
splitcamera.com,0
c-span.org,0
time.com,0
attracto.com,0
nhl.com,0
ikea.com,0
naytev.com,0
discqrde.com,1
theglobeandmail.com,0
moviefone.com,0
brtstats.com,0
devour.com,0
localyokelmedia.com,0
reflexion.net,0
feedly.com,0
cameo.tv,0
thepiratebay.org,0
apigee.net,0
sphinn.com,0
ddmcdn.com,0
edgefcs.net,0
weddingpaperdivas.com,0
userzoom.com,0
amazon.com.br,0
winamp.com,0
gifsoup.com,0
thetrafficstat.net,0
wikihow.com,0
pub-8157f386fb5147f89167cfced15f1d55.r2.dev,1
audible.co.uk,0
prodigy.net,0
veedi.com,0
hubrus.com,0
loans-made.com,0
avclub.com,0
kcchiefs.com,0
domainverifcation.weebly.com,1
slate.com,0
typekit.com,0
realvu.com,0
trackerfix.com,0
microsoftonline-p.com,0
evergage.com,0
appoxee.com,0
oclasrv.com,0
abcnews.com,0
breitbart.com,0
office.com,0
tatami-solutions.com,0
google.co.il,0
gq.com,0
splkmobile.com,0
babycenter.com,0
paipaiimg.com,0
online-coronavirus-268608.firebaseio.com,1
google.co.ve,0
dataxu.com,0
abalo.vn,0
fjcdn.com,0
vietnamnet.vn,0
bettycrocker.com,0
wsodcdn.com,0
trunkapar.co.trunkersfit.com,1
mercadolivre.com.br,0
payn.me,0
snapwidget.com,0
omnitagjs.com,0
jalopnik.com,0
michaelcarver.com,1
59saniye.com,0
google.co.uk,0
starzone.info,0
gcion.com,0
pub-35aaf76b847448e4bac44c015fe1e7df.r2.dev,1
mysoluto.com,0
update-apps.com,0
trb.com,0
ads-srv.net,0
ebay.com.au,0
dw.de,0
grovupdt.com,0
miniclip.com,0
bgr.com,0
netnanny.com,0
clickability.com,0
gosuslugi-payment.ru,1
mojang.com,0
nhaccuatui.com,0
ally.com,0
lenovomm.com,0
turnto.com,0
spingo.com,0
adkontekst.pl,0
dowjones.com,0
crashplan.com,0
adexprt.com,0
cnnfn.com,0
bncnt.com,0
polarmobile.com,0
presage.io,0
wwwdofuspourlesnoobs.com,1
thoughtworkis.com,1
ledajesaler.weebly.com,1
github.io,0
wpadsvr.com,0
gosmslugi.ru,1
tfile.me,0
k9webprotection.com,0
onlineregister.com,0
wunderground.com,0
hhs.gov,0
arcgis.com,0
trt.net.tr,0
ant.com,0
escinteractive.com,0
gscontxt.net,0
ebay.be,0
grvcdn.com,0
coronavirus-monitor.com,1
sporx.com,0
corriereobjects.it,0
dofuspourlesnoobs.fr,1
marketwatch.com,0
vibrant.co,0
fedex.com,0
shopper-pro.com,0
yan.vn,0
maturetube.com,0
junglee.com,0
gizmodo.com,0
ywxi.net,0
business-facebook-covid19.com,1
addthiscdn.com,0
certona.net,0
radioreddit.com,0
givespacex.com,1
pub-2383eec70aab4ed3a49d29e42dc41b72.r2.dev,1
food-substitute.net,0
pennlive.com,0
pub-1c861328e4394134a30770372c6b7a26.r2.dev,1
gomtv.com,0
williamhill.com,0
amplitude.com,0
real.com,0
instructables.com,0
pub-a7aa109e9db04b97ba2fc89747a05209.r2.dev,1
putags.com,0
webmial.pages.dev,1
sinemalar.com,0
mixplay.tv,0
ign.com,0
trafficshop.com,0
uuidcshmg.com,0
jocoly.esvnpe.com,1
synology.com,0
www.gov.uk,0
ptvcdn.net,0
wag.com,0
mdpcdn.com,0
telemetrytaxonomy.net,0
coupons.com,0
bluekai.com,0
smithsonianmag.com,0
libero.it,0
videotron.ca,0
dogpile.com,0
efe.com,0
stylene.net,0
wiflix.network,1
adcolony.com,0
glammedia.com,0
adfront.org,0
adtech.de,0
nj.com,0
nytstore.com,0
usatodayclassifieds.com,0
item-trck-uk-royal-mail.dmaqpay.com.br,1
mindspring.com,0
srvntrk.com,0
xdeal.vn,0
foxitcloud.com,0
psafe.com,0
jccjd.com,0
bzgint.com,0
citrixonline.com,0
splashtop.com,0
chainsrectify.pages.dev,1
ixigo.com,0
apple.com,0
fq703w52zt.pages.dev,1
bongdaso.com,0
gandi.net,0
weeklystandard.com,0
rlcdn.com,0
z5x.net,0
thebrighttag.com,0
drudgereport.com,0
ist-track.com,0
cpxinteractive.com,0
shelterpetproject.org,0
burstnet.com,0
corona-extra.pw,1
idea-marketplace.com,0
campanja.com,0
sellpoint.net,0
a.com,0
burt.io,0
eyeviewads.com,0
g98765xfghjk654wrt.pages.dev,1
fda.gov,0
forbes.com,0
kijiji.ca,0
u7904673.ct.sendgrid.net,1
marketgid.com,0
pensive-wing.34-125-197-109.plesk.page,1
adzcore.com,0
ibxads.com,0
aim.com,0
matrixspa.it,0
pub-2202f5760eea4f5eba334684a3d617f9.r2.dev,1
videolan.org,0
cabelas.com,0
ntvyayinlari.com,0
krakenlogins.com,1
hobwelt.com,0
rfihub.com,0
m6r.eu,0
vube.com,0
ctnsnet.com,0
bitfalcon.tv,0
footballfanatics.com,0
optonline.net,0
hidemyass.com,0
themeforest.net,0
intencysrv.com,0
ziffdavis.com,0
stltoday.com,0
fmovies.email,1
gtags.net,0
dtvce.com,0
livesportmedia.eu,0
bidvertiser.com,0
sftcdn.net,0
dumedia.ru,0
eclick.vn,0
bnqt.com,0
postrelease.com,0
hayhaytv.vn,0
funshion.net,0
p-cdn.com,0
ezakus.net,0
mailshell.net,0
nola.com,0
indiatimes.com,0
djreprints.com,0
newshunt.com,0
avg.com,0
donation-tools.org,0
ironlionfun.com,0
lokal-vr.online,1
covid19-fb3d9.firebaseio.com,1
sunset.com,0
technet.com,0
soundandglory.com,0
windowssearch.com,0
live.net,0
samsungcloudsolution.net,0
gogorithm.com,0
akamaihd.net,0
ehowenespanol.com,0
coronaaway.com,1
hwcdn.net,0
booking.com,0
dailydot.com,0
wwv4ez0n.com,0
alcatelonetouch.com,0
fluentmobile.com,0
realmediadigital.com,0
pub-52f45a7ed2554e079cb905f0c23e9b8d.r2.dev,1
teamworkonline.com,0
tampabay.com,0
vipaccess.com.br,1
abc.net.au,0
pornhub.com,0
adservingml.com,0
xenforo.com,0
mangomediaads.com,0
exad.me,0
jolly-nightingale.34-125-197-109.plesk.page,1
kenh14.vn,0
oclaserver.com,0
kill123.com,0
cloudsponge.com,0
yp.com,0
usafootball.com,0
kissmetrics.com,0
tp-link.com,0
telemetryaudit.com,0
allocation-satoshivm.pages.dev,1
jsdelivr.net,0
xing.com,0
webssearches.com,0
edgecastdns.net,0
titansonline.com,0
cnnchile.com,0
mzstatic.com,0
powerreviews.com,0
serverdomainsetting.weebly.com,1
webmail-secure.page4.me,1
bloomberght.com,0
chargers.com,0
askmen.com,0
minecraft.net,0
micro-service-alertc0277sb-dev-err.pages.dev,1
ptpcpm.com,0
directrev.com,0
theverge.com,0
pesjidgnojensjgerkhvjefdvs.pythonanywhere.com,1
providesupport.com,0
boostadvtracking.com,0
fmovies.social,1
cnet.com,0
profootballhof.com,0
messagingengine.com,0
salesforceliveagent.com,0
census.gov,0
ebaycareers.com,0
adventori.com,0
coronavirus-realtime.com,1
bstk.co,0
dsg.com,0
ranker.com,0
babcdn.com,0
discovery.com,0
people.com,0
dataxu.net,0
pandasoftware.com,0
ehowcdn.com,0
europa.eu,0
bookdepository.com,0
umeng.co,0
cdninstagram.com,0
owneriq.com,0
adjuggler.com,0
gosrslugi.ru,1
mcafeeasap.com,0
endeavor.org.tr,0
auditude.com,0
extole.com,0
lenzmx.com,0
worthly.com,0
ypcdn.com,0
kansascity.com,0
awstls.com,0
veinteractive.com,0
charming-satoshi.34-125-197-109.plesk.page,1
openstat.net,0
contentspread.net,0
oregonlive.com,0
vaporcloudcomputing.com,0
friendschecker.com,0
linksmart.com,0
picasasoftware.com,0
amplifinder.biz,0
haircolorforwomen.com,0
msocsp.com,0
geoportal3d.com.br,0
espn.com.br,0
shopbop.com,0
groovinads.com,0
qwikbookprint.com,0
ebay.es,0
google.ro,0
j.mp,0
bldrdoc.gov,0
placelocal.com,0
criminalcasegame.com,0
ww-wellsfargo.pages.dev,1
si.com,0
clickbooth.com,0
cnbc.com,0
fdnames.com,0
cootek.com,0
adbrn.com,0
google.cl,0
upwpm.us,0
umengcloud.com,0
micro-soft-failed-error.pages.dev,1
trafficfactory.biz,0
adcast.io,0
medicinenet.com,0
pushwoosh.com,0
openxmarket.asia,0
vww-roblox.com,1
chinhphu.vn,0
pub-fc37d2d339714056b7f16368b49ae532.r2.dev,1
viewster.com,0
apnstatic.com,0
pricejs.info,0
hon.ch,0
360buyimg.com,0
pcgamer.com,0
itar-tass.com,0
ueajflnjejdrwklnvkenrwjgnlvrjldf.pages.dev,1
filmifullizle.com,0
newvity.com,1
seahawks.com,0
heapanalytics.com,0
wistia.net,0
clicksor.com,0
goforandroid.com,0
eu-ibi.co.uk,0
ea.com,0
hrblock.net,0
dewmobile.net,0
batanga.net,0
adexprts.com,0
thisoldhouse.com,0
allmusic.com,0
feiwei.tv,0
internetat.tv,0
frontbridge.com,0
digg.com,0
typekit.net,0
ptreklam.com.tr,0
adpredictive.com,0
wsjlocal.com,0
servetags.com,0
ad-score.com,0
mplxtms.com,0
redtubefiles.com,0
biblegateway.com,0
fbshare.me,0
lithium.com,0
airpush.com,0
detiktotocakep.com,1
springserve.com,0
cpserve.com,0
google.it,0
hubspot.net,0
intercom.io,0
fontdeck.com,0
meetup.com,0
baidu.com,0
ebay.fr,0
uploaded.net,0
cnbce.tv,0
pub-fa147a3cddd04e9588b0d0a71d6d87fb.r2.dev,1
mobogenie.com,0
bantintuoitre.com,0
dailyofferservice.com,0
espn.co.uk,0
nolvmdf.au.tc,1
toofab.com,0
mandrillapp.com,0
mivezosikobo.weebly.com,1
travel-assets.com,0
adoburcrv.com,0
cdn.md,0
sportscenter.com,0
switchads.com,0
samsungapps.com,0
addtoany.com,0
shaw.ca,0
exelator.com,0
curse.com,0
lemorixumo.weebly.com,1
sgp1.digitaloceanspaces.com,1
craigslist.hk,0
whaleserver.com,0
admagnet.net,0
000dn.com,0
bitflyer.sviluppo.host,1
9gag.tv,0
ayads.co,0
prnewswire.com,0
britishairways.com,0
localworld.co.uk,0
fonts.com,0
bbc.com,0
pub-221ef61f179e48f79f931e1342529256.r2.dev,1
frontdoor.com,0
valuepubmedia.com,0
qiyi.com,0
yceml.net,0
studiopress.com,0
trustwave.com,0
change.org,0
puxokobipo.weebly.com,1
adk2.com,0
utorrent.com,0
dotandad.com,0
securespy.net,0
studentschoicedwi.com,1
s-microsoft.com,0
covid19wny.com,1
worldssl.net,0
microsoft-suppor-number.pages.dev,1
smi2.net,0
dynectmedia6degrees.com,0
sbnation.com,0
vw.com,0
prntscr.com,0
hike.in,0
vanityfair.com,0
glispa.com,0
rtbserver.com,0
urbanandruraldesign.com.au,1
threattrack.com,0
worldcat.org,0
reelfeed.tv,0
elpais.com,0
instagramfollowbutton.com,0
acuityplatform.com,0
aliunicorn.com,0
noaa.gov,0
aviary.com,0
advertising-support.com,0
alenty.com,0
washingtonexaminer.com,0
cmptch.com,0
cinergroup.com.tr,0
google.ie,0
ifunny.mobi,0
yahoo.net,0
yandex.ua,0
heraldonline.com,0
generalmobi.com,0
pbwstatic.com,0
redirectingat.com,0
zune.net,0
msftncsi.com,0
adobe.com,0
reddit.com,0
nivirijimukavut.weebly.com,1
haaretz.com,0
returnpath.net,0
intentiq.com,0
aweber.com,0
mevimozow.weebly.com,1
vui.vn,0
alimama.com,0
chaturbate.com,0
demonoid.com,0
mercent.com,0
emediate.eu,0
startappexchange.com,0
grouponcdn.com,0
rmlacdn.net,0
bankofamerica.com,0
networksolutions.com,0
ebit.com.br,0
rocketadserver.com,0
thegatewaypundit.com,0
8vpror.com,1
blogher.com,0
page-timehfy63535.pages.dev,1
tumri.net,0
xidx.org,0
epom.com,0
bubblenet.fr,1
h33t.com,0
adorika.net,0
swiftblockresolve.pages.dev,1
gosulsugl.ru,1
mopub.com,0
ntius.com,0
google.ch,0
adyapper.com,0
right-coupon.com,0
purusoze.weebly.com,1
google.com.my,0
accu-weather.com,0
flixcart.com,0
tru.am,0
levexis.com,0
hs-analytics.net,0
adk2.co,0
worldtimeserver.com,0
jsadapi.com,0
admaxserver.com,0
smaato.net,0
torrentsmd.com,0
xhamsterpremiumpass.com,0
noproblemppc.com,0
pawnation.com,0
jwplatform.com,0
jquery.com,0
wsod.com,0
products-marketplace.com,0
wvvw-store-ankama.com,1
thisismoney.co.uk,0
slideshare.net,0
bootstlab.com,0
p0.com,0
exct.net,0
fe-by01p-msa.trafficmanager.net,1
alicdn.com,0
edigitalsurvey.com,0
tns-counter.ru,0
pch.com,0
xinhuanet.com,0
appscloudupdater.com,0
desync.com,0
genericlink.com,0
serene-shirley.13-93-165-215.plesk.page,1
blurverse.pages.dev,1
geforce.com,0
beygir.com,0
switchadhub.com,0
dogannet.tv,0
wiflix.motorcycles,1
pinger.com,0
emjcd.com,0
masslive.com,0
scansoft.com,0
4shared.com,0
hackerwatch.org,0
otwsftv0.com,0
viafoura.com,0
yumenetworks.com,0
9hoho.com,0
digitru.st,0
nesine.com,0
googlevideo.com,0
millennialmedia.com,0
revolutiongolf.com,0
trtromg.com,0
fensuagro.org,1
shbdn.com,0
csmonitor.com,0
thanhnien.com.vn,0
cleveland.com,0
sponsorpay.com,0
softonic.com.br,0
adotube.com,0
peel-prod.com,0
updatepm.com,0
steelhousemedia.com,0
adage.com,0
histats.com,0
dc-storm.com,0
beykozshipping.ru,1
buscape.com.br,0
torrentz.eu,0
affiz.net,0
freshloader.eu.pythonanywhere.com,1
espncms.com,0
delta.com,0
embed.ly,0
serverfault.com,0
glpals.com,0
nuggad.net,0
googlecommerce.com,0
anrdoezrs.net,0
ibtracking.com,0
www-papycha.fr,1
intercomcdn.com,0
usatodayhss.com,0
proxysync.pages.dev,1
dofuspounlesnoobs.com,1
mozillalabs.com,0
statigr.am,0
bronto.com,0
gaytubevideos.com,0
univide.com,0
meredith.com,0
stackexchange.com,0
gosuslugi.life,1
afy11.net,0
cdndn.net,0
clkads.com,0
box.net,0
radaronline.com,0
online.gov.vn,0
everyone.net,0
truste-svc.net,0
mmajunkie.com,0
wikia.com,0
ligatus.com,0
newwork-6oy.pages.dev,1
seedceo.com,0
goviral-content.com,0
panoramio.com,0
getcoronavirusassistance.com,1
ariamanonux03p.pages.dev,1
shape.com,0
cresca.faa.unicen.edu.ar,1
sozcu.com.tr,0
iamcorona.com,1
olark.com,0
instinctiveads.com,0
boo-box.com,0
intgr.net,0
rovion.com,0
medio.com,0
orkut.com,0
trackimpression.com,0
r1-cdn.net,0
tpb.vn,0
discord-fake-nitro-expiriment.glitch.me,1
mantax.pages.dev,1
adready.com,0
reklamz.com,0
shareaholic.com,0
mr-beastgifts.com,1
apxlv.com,0
appclick.co,0
pub-e4b13c28b9ef4867a84f0a61d1d81aef.r2.dev,1
burakoyunda.net,0
snidigital.com,0
standard.co.uk,0
latinsoulstudio.com,0
esquire.com,0
lostwaldo.com,0
autodesk.com,0
mediaquark.com,0
evernote.com,0
ioam.de,0
bluestacks.com,0
oovoo.com,0
everesttech.net,0
bbb.org,0
bycontext.com,0
aliyuncdn.com,0
pub-d69751ce7c104b1a8abc630d80ac130c.r2.dev,1
goo.mx,0
inboundmx.com,0
realclearworld.com,0
ians.in,0
scarabresearch.com,0
fcc.gov,0
perfectaudience.com,0
1688.com,0
smarturl.it,0
tvguide.com,0
scribdassets.com,0
komikler.com,0
att.com,0
discover.com,0
heatmap.it,0
coronavirus-statistics-710b6.firebaseio.com,1
twonky.com,0
myfitnesspal.com,0
apsalar.com,0
apikik.com,0
free-porn-vidz.com,0
84918e83348-reviewpage.pages.dev,1
blogcu.com,0
bnmla.com,0
mediavoice.com,0
mncdn.com,0
emusic.com,0
abebooks.co.uk,0
adocean.pl,0
discord.lossantossanto1.repl.co,1
vuigame.vn,0
naughty-faraday.34-125-197-109.plesk.page,1
subito.it,0
plo.vn,0
kinja-img.com,0
cartalk.com,0
conversantmedia.com,0
dailykos.com,0
scribblelive.com,0
peel.com,0
netvibes.com,0
instantservice.com,0
vs.login.msa.akadns6.net,1
perfectlytimedpics.com,0
uptolike.com,0
kataweb.it,0
eqads.com,0
kimia.es,0
adnetwork.net,0
playboy.com,0
himediads.com,0
marriott.com,0
manta.com,0
gallant-moser.34-125-197-109.plesk.page,1
buccaneers.com,0
bossip.com,0
teamskeetimages.com,0
pinterest.com,0
uproxx.com,0
phimmoi.net,0
dsiteproducts.com,0
gmail.com,0
ok.ru,0
discrods.gift,1
infolinks.com,0
ramp.com,0
bgt.ge,1
pubnub.com,0
hao123.com.br,0
foreignpolicy.com,0
borsbrietjblrenlgbrlenhjt.pages.dev,1
fxdepo.com,0
fbsbx.com,0
cpmterra.com,0
cexchange.com,0
demandstudios.com,0
wiflix.tech,1
jsonip.com,0
wlxrs.com,0
alphaumi.com,1
google.com.br,0
accounts-mail.ru,1
jswrite.com,0
covid-19-app.firebaseio.com,1
arstechnica.com,0
datafastguru.info,0
redtube.com,0
workintelligent.ly,0
smoothfusion.com,0
github.com,0
goodreads.com,0
sina.cn,0
netshelter.net,0
shopclues.com,0
dailycaller.com,0
thawte.com,0
ipinyou.com,0
tanx.com,0
genieessp-a.com,0
martiniadnetwork.com,0
coronavirus-d526b.firebaseio.com,1
creativecdn.com,0
reviewed.com,0
kastatic.com,0
nike.com,0
mathtag.com,0
dictionary.com,0
battle.net,0
coronadobball.com,1
oclc.nl,0
inscname.net,0
bitflyer-global.com,1
tapcommerce.com,0
qservz.com,0
webrootcloudav.com,0
internethaber.com,0
livejasmin.com,0
addthisedge.com,0
poponclick.com,0
newgenstatsnet.com,0
sonyentertainmentnetwork.com,0
castplatform.com,0
go-mpulse.net,0
dota2.com,0
sellskin.shop,1
mediakit.com.br,0
xtify.com,0
jawbone.com,0
thesyndicationserver.co.uk,0
tidaltv.com,0
izlesene.com,0
neulion.com,0
pandasecurity.com,0
redlaser.com,0
thethao247.vn,0
oppuz.com,0
webme.com,0
atomex.net,0
mnginteractive.com,0
craigconnects.org,0
purewow.com,0
zap.com.br,0
readspeaker.com,0
aaplimg.com,0
eorezo.com,0
vinacaptcha.com,0
advertise.com,0
yelp-ir.com,0
lswcdn.net,0
ccc.de,0
rapor.mobi,0
dealtime.com,0
thescene.com,0
mecofficial.com,1
adhood.com,0
snapdo.com,0
vitv.it,0
wvwdofus.com,1
microad-cn.com,0
nfl.biz,0
dilcdn.com,0
mtvnservices.com,0
stocktwits.com,0
riluvozig.weebly.com,1
yahoo.com,0
adreadytractions.com,0
turkcell.com.tr,0
usekahuna.com,0
kaft.com,0
rtbhouse.com,0
pastebin.com,0
youku.com,0
pub-0259917d32254fe8ad9ed6707a70637d.r2.dev,1
gracious-bardeen.95-181-157-21.plesk.page,1
spotxcdn.com,0
youtube-mp3.org,0
findam.com.ng,1
thepaperboy.com,0
tvinteractive.tv,0
touchcommerce.com,0
updaterex.com,0
mobisla.com,0
ati-host.net,0
applifier.info,0
24hstatic.com,0
mgid.com,0
vine.co,0
terra.com.br,0
mcproton.com,0
r7.com,0
ebz.io,0
windowsphone.com,0
pg.com,0
madmimi.com,0
alibaba.com,0
gosuslugigov.ru,1
unicornmedia.com,0
gallant-kalam.34-125-197-109.plesk.page,1
liveleak.com,0
covid-19-e9057.firebaseio.com,1
shoppingonlinedirectory.com,0
rcsadv.it,0
cnn.it,0
meteo.it,0
voga360.com,0
trvl-media.com,0
goo.gl,0
thechive.com,0
gemius.pl,0
globalsign.net,0
wearemadeinny.com,0
kiplinger.com,0
anametrix.com,0
slimspots.com,0
nanglobal.com,0
opposingviews.com,0
megahause.de,1
crateandbarrel.com,0
thirsty-solomon.13-67-133-60.plesk.page,1
slickdeals.net,0
hungry-poitras.13-93-165-215.plesk.page,1
rr.com,0
hotelnatali.ru,1
magicfinds.com,0
appsdt.com,0
infinitummovil.net,0
ltvcms.com,0
myspace.com,0
claim-pork.pages.dev,1
ammadv.it,0
lifestyleasia.com,0
venere.com,0
walmartimages.com,0
nixcdn.com,0
subscene.com,0
zk-manta-airdrop.pages.dev,1
paragonads.vn,0
inmobicdn.net,0
subogepaweb.weebly.com,1
adspirit.net,0
motorlife.it,0
expedia.es,0
fastclick.net,0
srdrvp.com,0
meteorsolutions.com,0
amzn.to,0
simpli.fi,0
inspectlet.com,0
fbcdn.net,0
sfx.ms,0
dlinksearch.com,0
teach.org,0
lonerunit.weebly.com,1
ebaystatic.com,0
dcfuspourlesnoobs.com,1
grosuslugi.ru,1
readserver.net,0
advidi.com,0
canlirulet-siteleri.com,0
newegg.com,0
inrim.it,0
raiders.com,0
networkhm.com,0
w3.org,0
www-gos-uslugi.ru,1
usertrust.com,0
savemyshows.com,0
bluecava.com,0
zenmate.com,0
247sports.com,0
documents-download-almeida-3d331c.netlify.app,1
pxlad.io,0
wavesecure.com,0
wvvw-dofus.com,1
gtimg.com,0
coronavirus-53337.firebaseio.com,1
games.com,0
adelement.com,0
kpfu.ru,1
macropinch.com,0
edmunds.com,0
ip-api.com,0
devicescape.net,0
sumozizadux.weebly.com,1
cox.net,0
brsrvr.com,0
22find.com,0
affec.tv,0
trbas.com,0
bluelithium.com,0
hispeedtube.com,0
anthill.vn,0
gosusligu.ru,1
realclearmarkets.com,0
amazon.de,0
komikoyunlar.net,0
airfrance.com,0
instacontent.net,0
reachadv.it,0
origin.com,0
symantec.com,0
adlure.net,0
imrk.net,0
coronadocommunityacupuncture.com,1
longtailvideo.com,0
eur02-db5-obe.weebly.com,1
ebay.com.hk,0
ebuzzing.com,0
intel.com,0
sendgrid.net,0
casa.com,0
rapsio.com,0
windows.com,0
usatoday.com,0
recode.net,0
hulu.com,0
bdimg.com,0
media6degrees.com,0
citrix.com,0
haydaygame.com,0
covid-19.miami,1
storage.googleapis.com,1
pricegrabber.com,0
pavv.co.kr,0
ad6media.fr,0
bitmedianetwork.com,0
coronatec.com.br,1
penopetidurip.weebly.com,1
visualrevenue.com,0
mi-d1m.pages.dev,1
mozilla.net,0
yonhapnews.co.kr,0
ecovida.ru,1
sekindo.com,0
comcast.net,0
extremetracking.com,0
godaddy.com,0
mackeeper.com,0
lovarewido.weebly.com,1
barnesandnoble.com,0
oyunkolu.com,0
enlist-altlayer.pages.dev,1
mmstat.com,0
rackspacecloud.com,0
offer-dynamics.com,0
bitcoin.org,0
grapeshot.co.uk,0
verizon.net,0
google.gr,0
goodwaygroup.com,0
pub-9d425aa9335c4307a502c0721d499bdd.r2.dev,1
okmagazine.com,0
pandonetworks.com,0
pagefair.com,0
nq.com,0
iasds01.com,0
wandoujia.com,0
pescaturismocorona.it,1
microsoft-support-alrt-altr87785.pages.dev,1
df-stream.net,0
creafi-online-media.com,0
gosuslugi2.ru,1
hao123img.com,0
victoriassecret.com,0
google.com.ua,0
rt.com,0
xhamster.com,0
pub-0334284d22f84d10b2472fd742667ba8.r2.dev,1
disocrds.gift,1
yieldselect.com,0
vbulletin.com,0
gosuslugi-pay.ru,1
id829.com,1
adtimaserver.vn,0
popcap.com,0
bluehost.com,0
mediaoptout.com,0
outfit7.com,0
jkrngjkernghernhgtehjnhk.pythonanywhere.com,1
troveread.com,0
coppersurfer.tk,0
360yield.com,0
correios.com.br,0
webmotors.com.br,0
tracker-ccc.de,0
skim.gs,0
kiloo.com,0
trendcounter.com,0
google.com.ph,0
vulture.com,0
sanasecurity.com,0
audiencemanager.de,0
pcworld.com,0
upworthy.com,0
game-advertising-online.com,0
radikal.com.tr,0
hurriyetaile.com,0
ifcdn.com,0
cavindosha.xyz,1
myswitchads.com,0
tinchieu.com,0
barclaycardus.com,0
macys.com,0
meraki.com,0
yieldmo.com,0
hurlist.com,0
newseum.org,0
gosuslugi.live,1
therisinghope.org.pk,1
new-lineabuild.pages.dev,1
rediff.com,0
sahibinden.com,0
townhall.com,0
techradar.com,0
intellicast.com,0
getresponse.com,0
wikiquote.org,0
c8.net.ua,0
samsungelectronics.com,0
tracking8171.com,0
us-psues.top,1
qihoo.com,0
mimecast.com,0
theberry.com,0
l1o0l11lo11011o.com,0
bold-kalam.34-125-197-109.plesk.page,1
wipmania.com,0
jaguars.com,0
ventunotech.com,0
quikdisplay.com,0
azcardinals.com,0
widdit.com,0
miibeian.gov.cn,0
admarvel.com,0
mamaslatinas.com,0
xfinity.com,0
alpha-satoshvmio.pages.dev,1
gosuslugi-covid-qr.ru,1
vresp.com,0
gq.com.tr,0
covid-19-lk-dev.firebaseio.com,1
tnetnoc.com,0
supremetube.com,0
zqtk.net,0
niwali.com,0
nih.gov,0
ebaymainstreet.com,0
tradelab.fr,0
tealiumiq.com,0
rezserver.com,0
weborama.fr,0
userdmp.com,0
rofubedojatedo.weebly.com,1
srvstatsdata.com,0
rss2search.com,0
ibxk.com.br,0
confirm-snet.com,1
googleadservices.com,0
autoblog.com,0
intag.co,0
theviilage.com,0
fuq.com,0
mediander.com,0
espnscrum.com,0
incmd10.com,0
zedge.net,0
ignimgs.com,0
lifespan.com,0
kixer.com,0
toplist.eu,0
smartasset.com,0
astromenda.com,0
ymail.com,0
claim-altlayer.pages.dev,1
adblade.com,0
pub-28dfeb6275f8415ba3e6b97dfff9ccfc.r2.dev,1
myad.vn,0
newsmax.com,0
break.com,0
livingsocial.com,0
wmt.co,0
webe94b1832ecc70.servehttp.com,1
bongacash.com,0
autocompleteplus.com,0
crwdcntrl.net,0
upstats.ru,0
integral-marketing.com,0
villarenters.com,0
nsatc.net,0
arpeggio-limoges.fr,1
wpdigital.net,0
sogoucdn.com,0
mainnet-satoshivmio.pages.dev,1
optimizely.com,0
bidswitch.net,0
boombeachgame.com,0
rivalgaming.com,0
covid-19.media,1
authlog-fddef.web.app,1
doctored.pages.dev,1
glassdoor.com,0
admngronline.com,0
deviantart.net,0
muachung.vn,0
ads-creativesyndicator.com,0
ani-view.com,0
yelp-press.com,0
loc.gov,0
pickupcloud.com,0
ero-advertising.com,0
nflplayercare.com,0
wowway.com,0
mediasoul.net,0
emedicinehealth.com,0
mirror.co.uk,0
extensionanalytics.com,0
spongecell.com,0
icloud.com,0
cambio.com,0
thescore.com,0
wiflix.re,1
incmd03.com,0
fanatik.com.tr,0
globovideos.com,0
operamini.com,0
jango.com,0
shoprunner.com,0
hao123.com,0
pcfaster.com,0
evite.com,0
kyc-bltflyer.web.app,1
avira.com,0
fishbowl.com,0
telemetryverification.net,0
buonissimo.org,0
ebay.com.cn,0
ourtime.com,0
walmart.com.br,0
stearnconmunity.net,1
jtvnw.net,0
hubspot.com,0
atv.com.tr,0
adorika.com,0
duapp.com,0
patreon.com,0
pcdecrapifier.net,1
bit.do,1
obtain-manta.pages.dev,1
microad.jp,0
fbnstatic.com,0
where.com,0
tout.com,0
shoppingate.info,0
chicagobears.com,0
easybreathe.com,0
espnfc.com,0
cnn.com,0
upbeat-elion.34-125-197-109.plesk.page,1
kavanga.ru,0
amazon.com,0
securetrust.com,0
ccbill.com,0
peaceful-carson.34-125-197-109.plesk.page,1
akamai.com,0
slutroulette.com,0
innity.com,0
carrierzone.com,0
newinfoclientstack.com,0
pointroll.com,0
madamenoire.com,0
hstpnetwork.com,0
cdcgov.org,1
umunu.com,0
discordsgift.com,1
id.net,0
cdc.gov,0
ciel-goshugi.com,1
33across.com,0
dappsyncrectify.pages.dev,1
bmwusa.com,0
aarif.coi5sbo7qhrd6j96gk4c9ub6y0.php?rand=13inboxlightaspxn.1774256418&fid&12528996464553465768746876856538783098286354564542676887987936786765536767657535677634653565767635779832&fid.1&fav.1,1
earthlink.net,0
renunuvejo.weebly.com,1
verizon.com,0
shazam.com,0
factual.com,0
wiflix.guru,1
vizu.com,0
infostatsvc.com,0
ntent.com,0
bayimg.com,0
pub-4d97631662434b85845e7be2b52b6e61.r2.dev,1
page-timereyrgebrg.pages.dev,1
alephd.com,0
pub-b6b9f0a2f10b4886a26f1094028c95ec.r2.dev,1
yts.re,0
happy-sutherland.34-125-197-109.plesk.page,1
performgroup.com,0
inskinmedia.com,0
mochibot.com,0
timeapi.org,0
brandads.net,0
glam.com,0
dianxin.net,0
360game.vn,0
craveonline.com,0
peoplepets.com,0
owneriq.net,0
woot.com,0
coronavirus-protection-6d180.firebaseio.com,1
gosulugl.ru,1
deximedia.com,0
mfcreative.com,0
thestaticvube.com,0
radiobeat.com.br,0
ndmdhs.com,0
digitaltarget.ru,0
starfieldtech.com,0
omtrdc.net,0
itau.com.br,0
peopleenespanol.com,0
wetransfer.net,0
webcollage.net,0
ehow.com,0
astbr.com,0
picsart.com,0
roluwisotem.weebly.com,1
binance.com12772.key-protector-case14752.support,1
taobaocdn.com,0
pages04.net,0
meldung-vols.online,1
groupon.com,0
cranky-kalam.34-125-197-109.plesk.page,1
omniroot.com,0
lowermybills.com,0
adsquangcao.com,0
sellathon.com,0
nflcdn.com,0
pandora.com,0
makers.com,0
rniaeba.ga,1
sonicwall.com,0
weightlosspath.com,0
viralnewschart.com,0
hissage.net,0
ztstatic.com,0
google.bg,0
localresponse.com,0
wealthfront.com,0
quicktransmit.com,0
jobsite.co.uk,0
flowplayer.org,0
bitpecta.com,1
choicemonitor.top,1
tbo.com,0
azcentral.com,0
oui-0x00199d.com,0
trueconf.net,0
liadm.com,0
himediadx.com,0
compete.com,0
pub-efe8c223714242868bdd2fa750e67f77.r2.dev,1
adtima.vn,0
oyunasi.com,0
dsply.com,0
ilovevideo.tv,0
lockhosts.com,0
anhhungphat.vn,1
wfxtriggers.com,0
javafx.com,0
live.com,0
bongda.com.vn,0
trello.com,0
arcadesafari.com,0
thefind.com,0
we3bwebma1l-r0unclcube-web3nail-nailweb-deliv3ry.glitch.me,1
rontar.com,0
webtrends.com,0
pub-68edf352d5f54adf86c1b1191639904b.r2.dev,1
myfoxny.com,0
arenajunkies.com,0
staplescenter.com,0
mobilecore.com,0
listenlive.co,0
fiksu.com,0
mlb.com,0
junbi-tracker.com,0
moodle.org,0
cnnmexico.com,0
crashlytics.com,0
superfish.com,0
lejonajij.weebly.com,1
payclick.it,0
liveinternet.ru,0
vice.com,0
imgiz.com,0
samsung.com,0
covid19lascruces.com,1
miamiherald.com,0
imore.com,0
teamspeak.com,0
cdnads.com,0
displaymarketplace.com,0
ostkcdn.com,0
xiami.com,0
webink.com,0
smarterremarketer.net,0
tencent.com,0
centurylink.net,0
dyndns.com,0
funshion.com,0
bloglines.com,0
cibodistrada.it,0
foursquare.com,0
c3tag.com,0
jdoqocy.com,0
microsoft-support-alrt-altr-fds.pages.dev,1
traffichaus.com,0
myid-cubu75674.pages.dev,1
amazonsilk.com,0
pc120.com,0
resultspage.com,0
ntvsporsmart.com,0
rvty.net,0
icq.net,0
nintendowifi.net,0
insightexpressai.com,0
inspsearchapi.com,0
newshuntads.com,0
turnerstoreonline.com,0
great-williamson.34-125-197-109.plesk.page,1
hepsiburada.net,0
lovemachina.com,1
adkmob.com,0
s-nbcnews.com,0
incapdns.net,0
rundsp.com,0
toromadon.weebly.com,1
create-dymensionxyz.pages.dev,1
mkt932.com,0
rojumiladikeju.weebly.com,1
dpmsrv.com,0
edintorni.net,0
champssports.com,0
yimg.com,0
climatempo.com.br,0
thebighits.com,0
swisssign.net,0
preview-domain.com,1
gratitude-satoshivm.pages.dev,1
recaptcha.net,0
bulletinsync.info,0
danviet.vn,0
cdnetworks.net,0
nydailynews.com,0
eset.com,0
iperceptions.com,0
covid19-a71d9.firebaseio.com,1
sokrati.com,0
edb.gov.sg,0
snxd.com,0
fazenda.gov.br,0
pressroomvip.com,0
gammaplatform.com,0
reson8.com,0
tcimg.com,0
nextadvisor.com,0
epicunitscan.info,0
washingtonpost.com,0
huffingtonpost.com,0
denverpost.com,0
manta-network.pages.dev,1
feenixlanguage.com,1
w3i.com,0
plexapp.com,0
localcoronavirus.com,1
wasabiwallet.is,1
trustedsource.org,0
usnews.com,0
ebayinc.com,0
thebookinsider.com,0
rollingstone.com,0
picadmedia.com,0
onclasrv.com,0
csdata1.com,0
cmgdigital.com,0
vevo.com,0
wiktionary.org,0
e7r.com.br,0
gosuslugi.page,1
lfjgljflgjd.weebly.com,1
jobvite.com,0
melodious-rift-castanet.glitch.me,1
shopify.com,0
web.de,0
su.vc,1
scmp.com,0
bild.com,0
microadinc.com,0
35go.cn,0
adscale.de,0
foreseeresults.com,0
trbimg.com,0
servingrealads83.com,0
mdotm.com,0
linkwithin.com,0
megatrack.co,0
wahwahnetworks.com,0
vgtf.net,0
bonus-8u0.pages.dev,1
agoramedia.com,0
ebay.ie,0
getclicky.com,0
mailxc.gq,1
ahalogy.com,0
msgamestudios.com,0
trrsf.com,0
acxiom-online.com,0
promobay.org,0
gadgets-buy.net,0
tzoo-img.com,0
iheart.com,0
c-col.com,0
anm.co.uk,0
noviretrack.com,0
microsoft-error-pages-check-errors.pages.dev,1
teamviewer.com,0
caliser.com,0
jquerytools.org,0
portalpaxum.cokiwe2297.workers.dev,1
taps.io,0
spilgames.com,0
ebay.de,0
icio.us,0
crsspxl.com,0
healthination.com,0
orcali.com,0
youm7.com,0
cmbilisim.com,0
onlinewebstats.com,0
altitude-arena.com,0
securetve.com,0
pictela.net,0
adsplats.com,0
metacritic.com,0
unrulymedia.com,0
viafoura.net,0
w3schools.com,0
mlstat.com,0
admarketplace.net,0
pub-f6db2c0ee1c0404e886e1c7bbc03c06c.r2.dev,1
google.pt,0
coronaai.com,1
adshexa.com,0
sumome.com,0
redrock-interactive.com,0
shopping-outlet.net,0
gosuslugi.social,1
xn--ooe-8tbc2c.com,1
uverse.com,0
issuu.com,0
awempire.com,0
sync-7xr.pages.dev,1
who.int,0
audible.com,0
taptica.com,0
esrb.org,0
iwrtools.com,1
usmagazine.com,0
frame-6i5.pages.dev,1
shoplocal.com,0
zero-team.com,0
kargo.com,0
samsungcloudsolution.com,0
getsatisfaction.com,0
4seeresults.com,0
microsoftonline.com,0
telus.net,0
fonts.net,0
zopim.io,0
editmysite.com,0
mozillamessaging.com,0
colts.com,0
wvwv-ankama.com,1
zeobit.com,0
vocalocity.com,0
evidon.com,0
looksrare-d1x.pages.dev,1
openx.com,0
borsbrietjblrenlgbrlenhjt.pythonanywhere.com,1
raptureinvenie.ru,1
sabah.de,0
kufidadifijerid.weebly.com,1
wsjwine.com,0
estara.com,0
garena.vn,0
dallascowboys.com,0
morningstar.com,0
hurriyet.com.tr,0
adschoom.com,0
jetlore.com,0
ftjcfx.com,0
hubapi.com,0
sprint.com,0
cloudcell.com,0
mayoclinic.org,0
heias.com,0
flx1.com,0
yourjavascript.com,0
jpush.cn,0
qubitproducts.com,0
vox.com,0
overstock.com,0
agoda.com,0
whois.co.kr,0
gsspat.jp,0
sinaimg.cn,0
tribune.com,0
parsely.com,0
stackauth.com,0
iengjwklengkhwebhfceref.pythonanywhere.com,1
wildgames.com,0
news.com.au,0
icbdr.com,0
kejet.net,0
fishwrapper.com,0
amazon.in,0
apply2jobs.com,0
mackolik.com,0
xmarks.com,0
ticketm.net,0
kongregate.com,0
bahis-sirketleri.com,0
timeanddate.com,0
xda-developers.com,0
proximic.com,0
gorillanation.com,0
videologygroup.com,0
metanetwork.com,0
youradexchange.com,0
delicious.com,0
detroitlions.com,0
securedvisit.com,0
mulctsamsaracorbel.com,0
fortinet.net,0
coronavirusmap-eb48d.firebaseio.com,1
kaspersky.com,0
pamuvomamutafa.weebly.com,1
baidu.co.th,0
adsymptotic.com,0
163.com,0
remat.ca,0
gocycle.com.au,1
ultradns.co.uk,0
registry-linea.pages.dev,1
d-nb.info,0
sail-horizon.com,0
pobreflix.icu,1
bbc.net.uk,0
steampowered.com,0
123rf.com,0
kenufipafalenar.weebly.com,1
8tracks.com,0
glowingskinsecret.com,0
ttnetmuzik.com.tr,0
nationalgeographic.com,0
opentable.com,0
atlassolutions.com,0
support-manta.pages.dev,1
coronavirus.app,1
adsrvr.org,0
wynk.in,0
secondspace.com,0
wp.me,0
sitemeter.com,0
smartclick.net,0
netflix.net,0
lifescript.com,0
nukivobiwej.weebly.com,1
thanksearch.com,0
steelers.com,0
spn.com,0
tv.com,0
google.no,0
comscore.com,0
igodigital.com,0
newrepublic.com,0
somo.vn,0
cbsimg.net,0
thoughtleadr.com,0
amobee.com,0
x.co,1
renren.com,0
musica.com.br,0
trendingtopics.id,1
channelvn.net,0
bluelionsports.com,0
eamobile.com,0
essence.com,0
apollocdn.com,0
bombreactor.com,1
maxethxyz.pages.dev,1
coronavirus.uno,1
shutterfly.com,0
swypeconnect.com,0
milliyetemlak.com,0
inq.com,0
postcovid19.world,1
nr-data.net,0
bkav.com.vn,0
andomedia.com,0
admost.com,0
system-monitor.com,0
embedly.com,0
cbs.com,0
amazing-poitras.34-125-197-109.plesk.page,1
coronavirus-testing.com,1
google.ru,0
wixstatic.com,0
keen.io,0
stats.com,0
virgilio.it,0
linezing.com,0
ebay.pl,0
sweetim.com,0
yammer.com,0
constantcontact.com,0
retailmenot.com,0
ads-grooveshark.com,0
openxadexchange.com,0
ad4game.com,0
tsn.ca,0
dianomi.com,0
stoic-elion.34-125-197-109.plesk.page,1
buscape.com,0
rutracker.org,0
llnw.net,0
mortgages-guide.net,0
hao123.com.eg,0
yes.my,0
healthgrades.com,0
newyorkjets.com,0
cashtrafic.info,0
hlntv.com,0
dogecoin20-st.web.app,1
foodnetwork.com,0
bancobrasil.com.br,0
today.com,0
todotorrents.com,0
securestudies.com,0
petro-mobil.ru,1
nikonewakudofu.weebly.com,1
sportsnetwork.com,0
linea-mirrorxyz.pages.dev,1
covid19mayhem.com,1
wiflix.makeup,1
wiflix.blog,1
kanald.com.tr,0
gmtdmp.com,0
update345.pages.dev,1
gaytube.com,0
dofus-mmorpg.com,1
ajaxcdn.org,0
mqcdn.com,0
sinemaizle.org,0
arabayarisi.com.tr,0
rxlist.com,0
office365.com,0
app-dappfix.pages.dev,1
abullseyeview.com,0
materialistic-chain-chicory.glitch.me,1
dishanywhere.com,0
valoxino.com,1
f-secure.com,0
vindicosuitecache.com,0
tribdss.com,0
twimg.com,0
crazy-pare.34-125-197-109.plesk.page,1
bills.com,0
walgreens.com,0
vatgia.vn,0
jscache.com,0
fd7d05a075ea4dda9392be3c42fb1527.svc.dynamics.com,1
zillow.com,0
soclaiemx.xyz,1
styleblazer.com,0
olx.com,0
snapdoapp.com,0
nmcdn.us,0
usop.sobwykro.top,1
amazon-adsystem.com,0
quikr.com,0
truthrevolt.org,0
gssp-a.com,0
tubegalore.com,0
wdgserv.com,0
api-webchainfix.pages.dev,1
createjs.com,0
blogads.com,0
priceline.com,0
tamindir.com,0
bigmir.net,0
tribalfusion.com,0
worldstarhiphop.com,0
copyright.com,0
runhaven.com,0
brainjet.com,0
whatsapp.net,0
gufakapefevem.weebly.com,1
toolbarservices.com,0
d3js.org,0
match.com,0
potterybarn.com,0
buzznet.com,0
po.st,0
bemobile.ua,0
ssacdn.com,0
yadro.ru,0
scubl.com,0
sharedaddomain.com,0
tmall.com,0
clfpages2.pages.dev,1
botox-for-hair.ru,1
admeld.com,0
specificmedia.com,0
gmarket.co.kr,0
php.net,0
wanelo.com,0
trusteer.com,0
uolhost.com.br,0
marinsm.com,0
italiaonline.it,0
skyfire.com,0
bfi0.com,0
sf49ers.com,0
bloomberg.com,0
phonepower.com,0
petuniasaucecockup.com,0
2020logs.duckdns.org,1
jwpsrv.com,0
publicidees.com,0
ad-sys.com,0
jollywallet.com,0
theatlanticwire.com,0
xunlei.com,0
gosuslugi.agency,1
complexmedianetwork.com,0
aol.com,0
onscroll.com,0
j2inter.com,0
thehill.com,0
rasmussenreports.com,0
far-rhetorical-account.glitch.me,1
hotwords.com.br,0
shopathome.com,0
tbcache.com,0
orkut.com.br,0
pubsqrd.com,0
addthis.com,0
supercell.net,0
adk2.net,0
defi-starkne.pages.dev,1
clickfast.co,0
rmncdn.com,0
zendesk.com,0
cbssports.com,0
shld.net,0
spccint.com,0
mchsi.com,0
coronadetection.com,1
xamo-82976.web.app,1
gmx.com,0
eloquent-lumiere.34-125-197-109.plesk.page,1
eproof.com,0
eblastengine.com,0
live1powerlife.com,1
ptp123.com,0
azlyrics.com,0
thinkprogress.org,0
fmovies.direct,1
dropboxusercontent.com,0
isidewith.com,0
pcmag.com,0
clickprotects.com,0
zapps.vn,0
retargetly.com,0
fbcmsg.000webhostapp.com,1
npario-inc.net,0
uadx.com,0
xe.com,0
llbean.com,0
earthnetworks.com,0
content.ad,0
innovatenetworks.com,0
lookout.com,0
34-125-197-109.plesk.page,1
kingsoftstore.com,0
syracuse.com,0
findnsave.com,0
cfgxgfxf.pages.dev,1
google.co.nz,0
google.at,0
pub-2edc56a957da4485a7e513f8b429d183.r2.dev,1
yourshoppingoutlet.com,0
tapjoyads.com,0
microsoft-sales-hhgdygfg-asd.pages.dev,1
terra.com.mx,0
fncstatic.com,0
mandatory.com,0
haberler.com,0
cnt.my,0
imwx.com,0
reklm.com,0
he.net,0
tworismo.com,0
megaoferta.net,0
myrecipes.com,0
bankrate.com,0
podtrac.com,0
thedodo.com,0
tracksitetraffic1.com,0
a-ads.com,0
irs01.com,0
megafilmeshd.net,0
giphy.com,0
dolphin-browser.com,0
usatoday.net,0
push.io,0
jumptime.com,0
ronizizuvuf.weebly.com,1
wiiflix.autos,1
kuispb.com,1
youronlinechoices.com,0
9apps.com,0
zenguard.biz,0
facebook.com,0
metaffiliation.com,0
digitalinsight.com,0
surveygizmo.com,0
adopshost1.com,0
luxup.ru,0
tubemate.net,0
ashleyrnadison.com,0
sandai.net,0
myfonts.net,0
ppjol.net,0
pub-8bbbc30421814f1bac74c610fb3d9bf5.r2.dev,1
cpmba.se,0
uniblue.com,0
ipaddresslabs.com,0
google.com.ar,0
komoona.com,0
linkbolic.com,0
maudau.com,0
extratorrent.cc,0
solidoak.com,0
billboard.com,0
bbystatic.com,0
baltimoresun.com,0
komiksurat.com,0
zemanta.com,0
paperhander.pages.dev,1
odnoklassniki.ru,0
kyodonews.jp,0
iconosquare.com,0
gosusluslugi.ru,1
serpro.gov.br,0
xbox.com,0
kontera.com,0
tumblr.com,0
atemda.com,0
helloreverb.com,0
targetix.net,0
ctmail.com,0
covid19proof.com,1
ad2games.com,0
bahis-oranlari.com,0
nikkei.com,0
vexigo.com,0
sailthru.com,0
mail.ru,0
tripadvisor.com,0
yldmgrimg.net,0
nenilanan.co.id,1
trouter.io,0
yandex.com,0
allyou.com,0
chrysler.com,0
xvideos.com,0
neon-lab.com,0
framecom.pages.dev,1
moatads.com,0
canli-casinositeleri.com,0
houstontexans.com,0
msecnd.net,0
ggpht.com,0
jeziwirumefije.weebly.com,1
mi-idc.com,0
sharethrough.com,0
ad123m.com,0
here.com,0
netgear.com,0
xenodochial-liskov.34-125-197-109.plesk.page,1
theatlantic.com,0
geniusweekly.com,0
pub-b3fdefdd677647fe8069fd5c0cf6c412.r2.dev,1
gawker.com,0
toptenreviews.com,0
gigya.com,0
indianexpress.com,0
tebilisim.com,0
wiiflix.beauty,1
suntimes.com,0
wix.com,0
validwin.com,0
plimplim.com.br,0
tvbythenumbers.com,0
wordpress.com,0
machicon-ueno.info,1
all-free-download.com,0
cobaltgroup.com,0
downloadhelper.net,0
simplemachines.org,0
afamily.vn,0
wiadomoscionet.pythonanywhere.com,1
livescience.com,0
kii.com,0
dropbox.com,0
gosuslugee.ru,1
santander.com.br,0
mobilethreat.net,0
frameddisplay.com,0
sina.com.cn,0
sendevent.net,0
rdcpix.com,0
sfgate.com,0
minecraftforum.net,0
videoplaza.tv,0
blush.com,0
coin.pepproject.co,1
zanox.com,0
kowalskypage.com,0
flite.com,0
gittigidiyor.net,0
megogira.weebly.com,1
popmarker.com,0
leaf-voracious-name.glitch.me,1
wt-data.com,0
medscape.com,0
furious7.com,0
el-ladies.com,0
vodpool.ga,1
tvyo.com,0
fanpop.com,0
adlooxtracking.com,0
sun.com,0
getm.pt,0
xaxis.com,0
stackadapt.com,0
iflscience.com,0
legacy.com,0
fotomac.com.tr,0
clorox.com,0
dmtio.net,0
sonos.com,0
shop.fangiobrokeraggio.com,1
desert-operations.com.tr,0
highcharts.com,0
shebudgets.com,0
pub-96fed86dbb194ac88e9e3c705f9e5649.r2.dev,1
polarisoffice.com,0
wsjradio.com,0
sabah.com.tr,0
socialearn.co,1
uc.cn,0
webovernet.com,0
leagueoflegends.com,0
latimes.com,0
googlehosted.com,0
google.com.sg,0
theweathernetwork.com,0
debanksdefi.pages.dev,1
focused-swirles.34-125-197-109.plesk.page,1
vahlallha.duckdns.org,1
cimcontent.net,0
upsellit.com,0
84913240098-reviewpage.pages.dev,1
tailtarget.com,0
moneymorning.com,0
golfchannel.com,0
castaclip.net,0
linkury.com,0
mzl.la,0
toothbrushguru.com,0
alili2020.ddns.net,1
tadst.com,0
ixxx.com,0
google.es,0
coronaviruscomms.com,1
google.nl,0
wikibooks.org,0
adrcdn.com,0
irna.ir,0
mmptrack.com,0
sbbanner.com,0
altlayer-ejy.pages.dev,1
dailymotion.com,0
ebay.co.th,0
captifymedia.com,0
ppstream.com,0
look.com,0
wiflix.cyou,1
broadage.com,0
cpanel01wh.bkk1.cloud.z.com,1
bitdefender.net,0
haivl.com,0
venturecapitalnews.us,0
maxmind.com,0
begun.ru,0
adizio.com,0
keepvid.com,0
ipredictive.com,0
blogherads.com,0
nulupuro.weebly.com,1
freenode.net,0
milliyet.com.tr,0
mochiads.com,0
0.fres-news.com,1
disney.com,0
corona-power.com,1
youtube.com,0
fotokritik.com,0
owansuemo.weebly.com,1
boredlion.com,0
vzwwo.com,0
gosuslugi-kultura.ru,1
secureboxes.net,0
slashdot.org,0
plista.com,0
falecomog1.com.br,0
chitika.net,0
mashery.com,0
newnext.me,0
eloqua.com,0
clamav.net,0
brassring.com,0
al.com,0
dateandtimesync.com,0
tapas.net,0
gplus.to,0
irs.gov,0
bamstatic.com,0
netd.com,0
eff.org,0
tbcdn.cn,0
dynad.net,0
copy.com,0
amxdt.com,0
truste.com,0
adtilt.com,0
solo-launcher.com,0
sony.com,0
waitiaodixoiasx.azurewebsites.net,1
shoppop.net,0
amazon.com.au,0
googleusercontent.com,0
roomkey.com,0
segment.io,0
wetransfer.com,0
responsys.net,0
ermisvc.com,0
limelight.com,0
chartboost.com,0
bizrate.com,0
dashbida.com,0
akamaiedge.net,0
xdealvn.com,0
mapticket.net,0
ticketmaster.com,0
bit-search.com,0
frugihb5rfvnjced0e9uhbfndxws.weebly.com,1
bridgetrack.com,0
campaignism.com,0
samplicio.us,0
x1cdn.com,0
page-time0t1frr13.pages.dev,1
experian.com,0
adtricity.com,0
bb.com.br,0
kelkoo.com,0
settingsemail.weebly.com,1
admedia.com,0
ifeng.com,0
tunein.com,0
veeseo.com,0
51y5.net,0
google.com.au,0
liveperson.net,0
mobileapptracking.com,0
spotify.com,0
wiflix.info,1
fupexojor.weebly.com,1
litecoin.org,0
baynote.net,0
4wmarketplace.com,0
panthers.com,0
southernliving.com,0
gosuslugt.ru,1
token.ro,0
sharedcount.com,0
nai.com,0
newgenonlinesrv.com,0
casa.it,0
wal.co,0
siecdn.com,0
thegioicongai.net,0
adacado.com,0
linkfeed.org,0
ultraadserver.com,0
web.page-support.account.verification.bangtuanga.org,1
rklyjs.info,0
dofuspourlenoobs.fr,1
t24.com.tr,0
opendsp.com,0
offers4u.org,0
zyngawithfriends.com,0
dailymail.co.uk,0
wunderloop.net,0
mixi.jp,0
windows.net,0
ilivid.com,0
publicbt.com,0
centauro.com.br,0
linknavi1.com,0
google.co.th,0
camads.net,0
fovokutiro.weebly.com,1
visistat.com,0
lineage2.com.cn,0
spiegel.de,0
whicdn.com,0
hotelsochipark.ru,1
sayyac.com,0
youtube-nocookie.com,0
newsmaxhealth.com,0
linksynergy.com,0
pub-976621225a0a41a99730fd00df2f79f7.r2.dev,1
adultfriendfinder.com,0
imp-serving.com,0
gosulugi-anticovid.ru,1
emailchk.capibaras.tk,1
thomsonreuters.com,0
newyorker.com,0
torrentbay.to,0
crpnms.com,0
health1st.com,0
wishesblog.com,1
wayfair.com,0
aexp-static.com,0
stylebistro.com,0
51y5.com,0
protrade.com,0
mcafeesecure.com,0
voxmedia.com,0
gssprt.jp,0
bookworm.com,0
coronaperformancemotors.com,1
macrumors.com,0
shns.com,0
company-target.com,0
googletagmanager.com,0
usbank.com,0
southwest.com,0
cloudmark.com,0
mystartsearch.com,0
miaozhen.com,0
lolking.net,0
siteadvisor.com,0
satoshi-364.pages.dev,1
whsites.net,0
spouscshop.trade,1
pornstargalore.com,0
bigpara.com,0
songza.com,0
dym-ehu.pages.dev,1
ministerial5.com,0
adbooth.com,0
cootekservice.com,0
kadina-sidetesusma.net,1
crawlability.com,0
dogusyayingrubu.com.tr,0
n-able.com,0
ovi.com,0
letras.mus.br,0
coronavirusnet.com,1
comcast.com,0
tmocce.com,0
goodgamestudios.com,0
ifmovies.net,1
ejectkeep.org,1
reklamstore.com,0
delta-homes.com,0
liveclicker.net,0
keywordblocks.com,0
departures.com,0
solidstatenetworks.net,0
vtc.vn,0
dtfopro.com,1
dyndns.org,0
adoring-dhawan.45-138-72-99.plesk.page,1
inca.gov.br,0
uimserv.net,0
webcitation.org,0
cogmatch.net,0
memeful.com,0
wikimediafoundation.org,0
maponics.com,0
wiflix.xyz,1
moneynews.com,0
madisonlogic.com,0
fitokuzigijot.weebly.com,1
daxugukixirujin.weebly.com,1
webmd.com,0
tvlsvc.com,0
vmmpxl.com,0
supersonicads.com,0
imesh.com,0
sufifova.weebly.com,1
mgccw.com,0
newsmaxfeednetwork.com,0
garenanow.com,0
searchengineland.com,0
thenation.com,0
space.com,0
sprintpcs.com,0
maxthon.com,0
baidu.com.eg,0
greatschools.org,0
tfxiq.com,0
viaf.org,0
chase.com,0
gosushlugi.ru,1
t4ft.de,0
td.com,0
dofustouch.fr,1
merriam-webster.com,0
4wnet.com,0
defi-encrypt.pages.dev,1
vaccine-coronavirus.com,1
ipinfodb.com,0
covid-19-healthlynked.firebaseio.com,1
qualifymanta.pages.dev,1
comufy.com,0
mediade.sk,0
eagnews.org,0
tuttur.com,0
infusionsoft.com,0
detik.com,0
mobfox.com,0
ladsp.com,0
mkk.com.tr,0
relestar.com,0
bill-overdue.net,1
bingj.com,0
visit-dymension.pages.dev,1
symcb.com,0
kickass.to,0
starwebnet.com,0
bkrtx.com,0
adnetwork.vn,0
kakao.com,0
11oyun.com,0
tradedoubler.com,0
codecanyon.net,0
yarravalleyrickshaws.com,1
theplatform.com,0
roimediadigital.com,0
spiceworks.com,0
fivethirtyeight.com,0
digitaltrends.com,0
hurriyetkampus.com,0
3q.com.vn,0
gosulgi.ru,1
ebaumsworld.com,0
wikimedia.org,0
bluenationreview.com,0
dowjoneson.com,0
ptinews.com,0
adriver.ru,0
msfsob.com,0
reponets.com,0
espn.com.au,0
vigilant-fermi.13-93-165-215.plesk.page,1
telegraph.co.uk,0
wrasdne.firebaseapp.com,1
livescore.com,0
alpha00001.com,0
netteller.com,0
google.ca,0
wowdb.com,0
drugs.com,0
hindustantimes.com,0
octro.net,0
sgn.com,0
securejump.net,0
mycdn.me,0
fplive.net,0
admob.com,0
windowsmedia.com,0
liebao.cn,0
kraltv.com.tr,0
sncamcoonmmumnlty.com,1
pastebay.net,0
fmovies2.site,1
corona-explained.com,1
onclickads.net,0
amazon.co.uk,0
apptimize.com,0
norton.com,0
mobify.com,0
onelouder.com,0
getbootstrap.com,0
mydas.mobi,0
173uu.com,0
mmcdn.cn,0
metrigo.com,0
rcsobjects.it,0
lexity.com,0
rockchip.com,0
heyzap.com,0
duba.com,0
radiotime.com,0
spiffcoin.net,1
ekolay.net,0
bdstatic.com,0
sinajs.cn,0
targetimg2.com,0
jd.com,0
zip.net,0
fmovies-to.me,1
rujuzodojavumip.weebly.com,1
dpstack.com,0
comodoca.com,0
gameloft.com,0
win-defender-sec-64csvxxvxxvxx0x665.pages.dev,1
tinyurl.com,0
mijuzitomos.weebly.com,1
a9.com,0
cpmshield.com,0
meetrics.net,0
sgiggle.com,0
dwbnqhdfkvvybjw.usa.cc,1
wp.com,0
bannerflow.com,0
optproweb.info,0
rvpadvertisingnetwork.com,0
aboutads.info,0
dpbolvw.net,0
google.se,0
useclearthink.com,0
mxptint.net,0
nfl.com,0
agkn.com,0
usa.net,0
parastorage.com,0
casagarage.com,0
ebaypartnernetwork.com,0
ntvmsnbc.com,0
youlamedia.com,0
247wallst.com,0
puu.sh,0
epsihost.com,0
wpcomwidgets.com,0
veruta.com,0
jump-time.net,0
xboxlive.com,0
skorer.tv,0
rotoworld.com,0
livestrong.com,0
iqiyi.com,0
samsungdm.com,0
vungle.com,0
janrain.com,0
serving-sys.com,0
golf.com,0
firstimpwins.com,0
wiflix.fit,1
chtah.com,0
lifehacker.com,0
sitebeacon.co,0
deadspin.com,0
emarbox.com,0
eventbrite.com,0
pubmatic.com,0
puneliten.weebly.com,1
withoutabox.com,0
internapcdn.net,0
boswp.com,0
genieessp.jp,0
fyre.co,0
pub-1df06f7132484c6b9502522b54e36ba7.r2.dev,1
nufivinob.weebly.com,1
exoclick.com,0
esdor.com.tr,1
startv.com.tr,0
everyplay.com,0
montiera.com,0
kgridhub.com,0
zt-za.fr,1
ad127m.com,0
haber7.com,0
state.gov,0
gez.io,0
mm-health.com,0
foxnews.com,0
gwallet.com,0
history.com,0
surveymonkey.com,0
geogslb.com,0
gitelt.net,1
googlecode.com,0
lolpro.com,0
shinystat.com,0
typepad.com,0
marketo.net,0
iengjwklengkhwebhfceref.pages.dev,1
fame10.com,0
lporirxe.com,0
aa.com,0
337play.com,0
apptentive.com,0
townnews.com,0
williamhill.it,0
stake1.pages.dev,1
ebayclassifieds.com,0
goember.com,0
baiducontent.com,0
mlt01.com,0
dreamstime.com,0
google.co.za,0
gogii.com,0
hoptopboy.com,0
yandex.com.tr,0
wired.com,0
newsweek.com,0
cookingsubstitute.com,0
redskins.com,0
likes.com,0
folha.com.br,0
paypal.com,0
ptp24.com,0
sascdn.com,0
wikiversity.org,0
mlnadvertising.com,0
120sports.com,0
gos-uslug.ru,1
ivcbrasil.org.br,0
yieldmanager.com,0
five.tv,0
printfriendly.com,0
gosuslugi.directory,1
admission.net,0
startssl.com,0
nflrush.com,0
ebay.in,0
icptrack.com,0
0202.com.tw,1
wurfl.io,0
installfarm.com,0
a-msedge.net,0
nymag.com,0
8vpros.com,1
lgin.msa.trafficmanager.net,1
incommon.org,0
cubicleoffers.com,0
tlvmedia.com,0
torchbrowser.com,0
contentabc.com,0
rtbidder.net,0
flutter-covid19.firebaseio.com,1
anthropologie.com,0
pub-8119568960374eaf95754898eb47073c.r2.dev,1
amasvc.com,0
vnecdn.net,0
sendmessagebox.com,0
patt1min1stud07bst.weebly.com,1
pbteen.com,0
alljoyn.org,0
mixpanel.com,0
ibsrv.net,0
fanduel.com,0
aolcdn.com,0
freebase.com,0
nordstrom.com,0
rxcovid.com,1
spamexperts.com,0
igosuslugi.ru,1
vidyoda.com,0
css-tricks.com,0
wtp101.com,0
adultadworld.com,0
vrvm.com,0
coronadocreatives.com,1
jgeb6c8queuspv.pages.dev,1
sitelock.com,0
mydlink.com,0
ideel.com,0
rnengage.com,0
placehold.it,0
gosuslugi.uk,1
invisionpower.com,0
24715454098-reviewpages.pages.dev,1
cmail1.com,0
pub-950afa4f5cd84f7ca09011c3d6e7f1eb.r2.dev,1
9gag.com,0
gumgum.com,0
extensionanalytics.net,0
adweek.com,0
nakamitech.de,0
adinterax.com,0
9to5mac.com,0
giaoduc.net.vn,0
lscdn.net,0
coins-satoshivm.pages.dev,1
gfsrv.net,0
trulia.com,0
google.co.hu,0
tapad.com,0
t.co,0
wnsqzonebk.com,0
cb-cdn.com,0
pub-147549d3891840ab821de31d767c6c84.r2.dev,1
nytco.com,0
wnyc.org,0
torrent.to,0
agame.com,0
web3-manta.pages.dev,1
blogger.com,0
expedia.co.in,0
nba.com,0
coronavirus-54646.firebaseio.com,1
9gaginc.com,0
clixmetrix.com,0
wefi.com,0
ozy.com,0
appier.net,0
ibm.com,0
zedo.net,0
kijiji.it,0
eva.vn,0
omnitwig.com,0
doublepimp.com,0
dragonbyte-tech.com,0
demdex.net,0
aliyuncs.com,0
uscellular.com,0
secure273.inmotionhosting.com,1
eepurl.com,0
hotjar.com,0
lavasoft.com,0
innity.net,0
foolcdn.com,0
covid19x.solutions,1
youversionapi.com,0
globaltestmarket.com,0
france24.com,0
theupsstore.com,0
mixpo.com,0
wmflabs.org,0
gpsonextra.net,0
brcdn.com,0
scambioetico.org,0
happy-antonelli.34-125-197-109.plesk.page,1
r7ls.net,0
juiceadv.com,0
adshost1.com,0
onedio.com,0
inclk.com,0
nanigans.com,0
extremetube.com,0
squidoo.com,0
whatsapp-sharing.com,0
bhphotovideo.com,0
webengage.com,0
hi-mediaserver.com,0
asus.com,0
sophos.com,0
redditmedia.com,0
ekomi.de,0
mercurynews.com,0
cetrk.com,0
gnd.com,0
google.com.tw,0
huffpost.com,0
bother-fight.co.uk,1
olx-st.com,0
swoop.com,0
ophan.co.uk,0
gr-assets.com,0
popsugar.com,0
privatehomeclips.com,0
rejafolurolege.weebly.com,1
geoadnxs.com,0
aimatch.com,0
allegro.pl,0
windstream.net,0
adobur.com,0
citrixonlinecdn.com,0
ipv4.login.msa.akadns6.net,1
scientificamerican.com,0
mainadv.com,0
affinitymatrix.com,0
thespatialists.com,0
best-products-review.com,0
anycastcdn.net,0
goroost.com,0
pfx.ms,0
macromedia.com,0
turbobit.net,0
aztecbe.com,0
ted.com,0
monstersandcritics.com,0
eastdane.com,0
networkadvertising.org,0
ask.fm,0
vidto.me,0
thedatingnetwork.com,0
api.lgin.msa.trafficmanager.net,1
virtualearth.net,0
edgecastcdn.net,0
pgcdn.com,0
rstyle.me,0
espnradio.com,0
delvenetworks.com,0
lduhtrp.net,0
factiva.com,0
myhabit.com,0
general-marketplace.com,0
databrain.com,0
incmd04.com,0
googlesyndication.com,0
pub-3db84b77bcfa4a4ba70ea134e6534162.r2.dev,1
wikisource.org,0
wajam.com,0
cnbce.com,0
socialreader.com,0
tahminkolik.com,0
p161.net,0
hubtraffic.com,0
pluso.ru,0
lnstagramhelp.hungry-ptolemy.34-125-197-109.plesk.page,1
punuvenow.weebly.com,1
amanita.com.my,1
truste.org,0
gameanalytics.com,0
ttnet.com.tr,0
hthayat.com,0
zoopla.co.uk,0
madsone.com,0
nrgbinary.com,0
covid19-dd7f7.firebaseio.com,1
pub-30781165e10b47b6b8f68fdf836b82ba.r2.dev,1
thefreedictionary.com,0
coccoc.com,0
gravatar.com,0
jivox.com,0
adobsmore.glitch.me,1
telize.com,0
technorati.com,0
parperfeito.com.br,0
popmyads.com,0
atpanel.com,0
jdownloader.org,0
gnt.com.br,0
rounds.com,0
ulogix.ru,0
flickr.com,0
chango.com,0
impact-ad.jp,0
pubgears.com,0
epicplay.com,0
munuteme.weebly.com,1
chartbeat.com,0
dlqm.net,0
webservis.gen.tr,0
nexage.com,0
vibrant-kirch.95-181-157-21.plesk.page,1
pelmorex.com,0
goal.com,0
alimama.cn,0
hgtv.com,0
pandora.tv,0
magical-kirch.34-125-197-109.plesk.page,1
fixyourbloodsugar.com,0
ya.ru,0
redvertisment.com,0
harry.lu,0
softonic-analytics.net,0
amazon.es,0
vietnam.zing.photos,1
alkislarlayasiyorum.com,0
iolo.com,0
hp.com,0
vikings.com,0
octrocdn.com,0
awesome-wescoff.34-125-197-109.plesk.page,1
astpdt.com,0
serene-hertz.34-125-197-109.plesk.page,1
ebdr2.com,0
buysellads.com,0
whitepages.com,0
yuq.me,0
qadabra.com,0
udn.com,0
hastrk2.com,0
synacor.com,0
stumbleupon.com,0
livestream.com,0
domynuts.gq,1
speedtest.net,0
rutor.org,0
nationalreview.com,0
brand.net,0
brave-ramanujan.34-125-197-109.plesk.page,1
gadgetspurchase.com,0
united.com,0
justjared.com,0
genieesspv.jp,0
bengals.com,0
adobetag.com,0
bbc.co.uk,0
nationalgeographic.com.tr,0
utorrent.li,0
xhcdn.com,0
bstatic.com,0
mediabong.net,0
genk.vn,0
hospitalitynet.org,0
imdb.com,0
gosuslugi.shop,1
adsdumpo.com,0
mozilla.com,0
ceipmsn.com,0
billmelater.com,0
nifty-mahavira.34-125-197-109.plesk.page,1
dribbble.com,0
83910840-reviewpages.pages.dev,1
ad-maven.com,0
reuters.com,0
brazzers.com,0
kontagent.net,0
pqarchiver.com,0
digitaloptout.com,0
variety.com,0
hautelook.com,0
zap2it.com,0
launchpad.net,0
dsrlte.com,0
bitnobweb-app.surge.sh,1
imagesbn.com,0
gosuslugianticovid.ru,1
criteo.com,0
tndmnshb.com,0
nice-curran.34-125-197-109.plesk.page,1
itim.vn,0
ndtv.com,0
vastglows.com,0
gamestop.com,0
fmoviestv.me,1
bcryp.net,1
cpmrocket.com,0
cnn.co.jp,0
etbxml.com,0
philips.com,0
superuser.com,0
dolimg.com,0
1mobile.com,0
pub-c89637694ef84619b8853f66dc50ce61.r2.dev,1
cmail2.com,0
ifttt.com,0
discover-manta.pages.dev,1
app.oksrv.com,1
amazon.it,0
dalealplay.com,0
cookinglight.com,0
abuse-lawyer.com,0
ferraraarte.it,1
bittorrent.am,0
anyclip.com,0
dickssportinggoods.com,0
freudebote.de,1
perfectdating.us,1
abc.com,0
sbal4kp.com,0
rdrtr.com,0
midasplayer.com,0
desmoinesregister.com,0
hairenvy.com,0
alisoft.com,0
revcontent.com,0
coronadoo.com,1
channelnewsasia.com,0
sony.net,0
videoamp.com,0
intelliad.de,0
realclearpolitics.com,0
trustlogo.com,0
hurriyetdailynews.com,0
glbimg.com,0
adexcite.com,0
jscripts.org,0
google-analytics.com,0
plesk.page,1
customer.io,0
cbsnews.com,0
maxthon.cn,0
gfx.ms,0
pusher.com,0
clevergirlscollective.com,0
host.sk,0
hepsibahis6.com,0
ebdr3.com,0
wiley.com,0
sears.com,0
dxsvr.com,0
lostlettermen.com,0
coronavirusalert.news,1
ebay.ca,0
tekblue.net,0
intuit.com,0
cloudflare.com,0
wiiflix.art,1
s-msn.com,0
weatherbug.com,0
vine.com,0
ford.com,0
theguardian.com,0
windowsupdate.com,0
steamstatic.com,0
visualstudio.com,0
tickld.com,0
apiok.ru,0
r.crazy-pare.34-125-197-109.plesk.page,1
adformdsp.net,0
aliexpress.com,0
blog-hits.com,0
techtudo.com.br,0
kotaku.com,0
ff0000-cdn.net,0
corom.vn,0
gosuslugii.online,1
walmartstores.com,0
hockeyapp.net,0
csctrustedsecure.com,0
last.fm,0
cubecdn.net,0
facebook.com.br,0
depositive.yefzj.top,1
gotinder.com,0
google.cz,0
travelzoo.com,0
hearstmags.com,0
zazzle.com,0
gosuslugi.network,1
yify-torrents.com,0
ezinearticles.com,0
roxabagoxe.weebly.com,1
eccmp.com,0
chatango.com,0
linkedin.com,0
asacp.org,0
openh264.org,0
escapehere.com,0
expedia.it,0
salut-camp.ru,1
276793063274096995.weebly.com,1
lennatin.info,1
tubemogul.com,0
gosuslugji.ru,1
dreamsadnetwork.com,0
funweek.it,0
samsungotn.net,0
nict.jp,0
sscdn.co,0
pub-e01ffa9d1d4841c9b7ed2ba08e2df406.r2.dev,1
go2speed.org,0
sancdn.net,0
melonstube.com,0
compare-electronics.net,0
xg4ken.com,0
kliksulutonline.co.id,1
e2ma.net,0
the-fmovies.com,1
oldtiger.net,0
wuhancoronavirustracker-693c1.firebaseio.com,1
microsoftstore.com,0
wenn.com,0
rijopadanag.weebly.com,1
onswipe.com,0
istockphoto.com,0
foodandwine.com,0
irsusa-tax.net.dogfoodkart.com,1
emailsettingvalidation.weebly.com,1
trafficjunky.net,0
mmo-champion.com,0
nukevokisoget.weebly.com,1
lphbs.com,0
informaction.com,0
skypeassets.com,0
comdire24.com,1
gwu.edu,0
zedo.com,0
stagram.com,0
admailtiser.com,0
hud.gov,0
bostonglobe.com,0
dtravelconnection.com,0
nzherald.co.nz,0
expedia.fr,0
dilei.it,0
trw12.com,0
poll.fm,0
incmd05.com,0
inmobi.com,0
createspace.com,0
gettyimages.com,0
weather.com,0
meltdsp.com,0
loggly.com,0
everestads.net,0
itunes.com,0
fastcocreate.com,0
diply.com,0
visilabs.com,0
mediaset.it,0
gamespot.com,0
popcrush.com,0
denverbroncos.com,0
htimg.net,0
coronaviruspracticeupdate.com,1
thinkdifferent.us,0
unity3d.com,0
gilanevevo.weebly.com,1
jsrdn.com,0
crackedcdn.com,0
wasabii.com.tw,0
verticalresponse.com,0
fomunova.weebly.com,1
pub-023f4dfccb2f41bfa571925f96e1ffaa.r2.dev,1
mininova.org,0
hearst.com,0
herokuapp.com,0
epulze-live.com,1
micro-soft-virus-alert-warning.pages.dev,1
soha.vn,0
iubenda.com,0
badlefthook.com,0
thefashionfanatic.com,0
tabwpm.us,0
plugrush.com,0
wellsfargomedia.com,0
root-servers.net,0
trrsf.com.br,0
taobao.com,0
bittorrent.com,0
adultwebmasternet.com,0
homedepot.com,0
lifezubolafa.weebly.com,1
telecomitalia.it,0
tindersparks.com,0
hardsextube.com,0
sonobi.com,0
rockyou.com,0
samsungyosemite.com,0
runadtag.com,0
f.fingerprintjs.com,1
highwebmedia.com,0
tl-4-vente-privee-b1j.pages.dev,1
9999mb.com,0
flyertown.ca,0
mathjax.org,0
sublimevideo.net,0
protectfootballonfreetv.com,0
xat.com,0
steamconmnunitiy.com,1
siddqpoisntislqpsoa.ddnsking.com,1
mailchimp.com,0
otherlevels.com,0
ampxchange.com,0
medleyads.com,0
book-showroom.com,0
viber.com,0
mikatafa.weebly.com,1
vox-cdn.com,0
mailonsunday.co.uk,0
best-tv.com,0
srv164129.hoster-test.ru,1
wxug.com,0
sharepointonline.com,0
mapbox.com,0
cpleft.com,0
popads.net,0
chinacache.com,0
avgmobilation.com,0
bangmychick.com,0
sontungmtpmaidinhnhe.pages.dev,1
aarp.org,0
padsdelivery.com,0
magnetic.is,0
gravity.com,0
samsungmobile.com,0
smartstream.tv,0
lincoln.com,0
wiflix.work,1
lourdesthompsonnf1r6.pages.dev,1
mindjolt.com,0
fortiguard.net,0
altltlsadlfasdasdf.pages.dev,1
indexww.com,0
mdotlabs.com,0
learni.st,0
iol.it,0
nhncorp.jp,0
ixiaa.com,0
fmoviesto.cyou,1
gdmdigital.com,0
yandex.net,0
sitescout.com,0
alibabagroup.com,0
naver.jp,0
foxydeal.com,0
bufferapp.com,0
sitehostingsource.com,1
tremormedia.com,0
applifier.com,0
iconarchive.com,0
xtube.com,0
zencdn.net,0
srpx.net,0
rinizazekuke.weebly.com,1
nasil.tv,0
visit-lineabuild.pages.dev,1
mailupdate124.s3.us-east.cloud-object-storage.appdomain.cloud,1
fmpub.net,0
coronavirus-a600f.firebaseio.com,1
rarbg.me,0
interfax.com,0
babble.com,0
netdna-ssl.com,0
logentries.com,0
netsolssl.com,0
google.com.eg,0
hellobar.com,0
ticketexchangebyticketmaster.com,0
bugsense.com,0
sochipark-hotel.ru,1
phim3s.net,0
health.com,0
inputdatacloud.com,0
mybuys.com,0
talkingpointsmemo.com,0
donanimhaber.com,0
androidcentral.com,0
mine-framexyz.pages.dev,1
patawera.weebly.com,1
gossusluggi.ru,1
mackolikcomplex.com,0
matrix.eu.sk,1
trialpay.com,0
adobedtm.com,0
onlinesupportportal.com,1
portalsepeti.com,0
netseer.com,0
rpxnow.com,0
wattpad.com,0
nct.vn,0
sharesdk.cn,0
adersite.com,0
caixa.gov.br,0
businesswire.com,0
rs6.net,0
obtainmanta.pages.dev,1
drupal.org,0
redd.it,0
tudogostoso.com.br,0
celebritytoob.com,0
pandoraprejeangw6.pages.dev,1
securence.com,0
jabong.com,0
bidtheatre.com,0
packers.com,0
optmd.com,0
creativecommons.org,0
ctvnews.ca,0
revmob.com,0
chaordicsystems.com,0
gosusslugi.net,1
qhimg.com,0
polldaddy.com,0
miisolutions.net,0
katespade.com,0
cbox.ws,0
help-media.com,1
mediafire.com,0
wellsfargo.com,0
logmein.com,0
lolstatic.com,0
wii.com,0
domainhost11.000webhostapp.com,1
ctx.ly,0
spinr.in,0
directmessageviolation.com,1
entrust.net,0
google.com.mx,0
eggnogthrushdeemster.com,0
thedailyeight.com,0
feedjit.com,0
yellowpages.ca,0
gofundme.com,0
xmlshop.biz,0
skinected.com,0
luckyorange.com,0
postimg.org,0
tinypass.com,0
siriusxm.com,0
steamcomnnulty.com,1
assetfiles.com,0
api.tv,0
repubblica.it,0
suddenlink.net,0
icmwebserv.com,0
eba.gov.tr,0
inquisitr.com,0
sfdict.com,0
opta.net,0
pub-34529312c5dd453986b0d61ff76b5372.r2.dev,1
intellitxt.com,0
biography.com,0
giadinh.net.vn,0
snappea.com,0
alt-e7v.pages.dev,1
metamx.com,0
dispatchweekly.com,1
upsjobs.com,0
w55c.net,0
gmx.net,0
newsprints.co.uk,0
receitas.com,0
pub-323694060f084296849c23a93ca80681.r2.dev,1
quettra.com,0
channelintelligence.com,0
everyscreenmedia.com,0
mercadolivre.com,0
adcash.com,0
orange.fr,0
covid19map-269302.firebaseio.com,1
gomlab.com,0
begincellcdn.pages.dev,1
fb.com,0
emediate.dk,0
android.com,0
link.vn,0
openx.net,0
expedia.co.uk,0
yieldify.com,0
pub-12593f612a3248be91e520847ebf8634.r2.dev,1
foxbusiness.com,0
sitewebred.info,0
tremorhub.com,0
kokteyl.com,0
explabs.net,0
boston.com,0
delivery.net,0
beringmedia.com,0
beanstock.co,0
violationhelp.com,1
listrakbi.com,0
forbadeplanhad.com,0
bongdaplus.vn,0
kazhifu.com,0
google.com.sa,0
hollywoodlife.com,0
rockabox.co,0
scribd.com,0
advconversion.com,0
ampdesk.com,0
audienceiq.com,0
nspmotion.com,0
onlinecreditcenter6.com,0
bd-pl.com,0
nflcommunications.com,0
refinery29.com,0
bazoocam.org,0
microsoft.com,0
privateinternetaccess.com,0
media-allrecipes.com,0
nodesappfix-io.pages.dev,1
adp.com,0
besthitsnow.com,0
arcadefrontier.com,0
dpclk.com,0
lucid-moser.45-156-27-107.plesk.page,1
jigaxokere.weebly.com,1
micro-service-alertc0277sb-erro.pages.dev,1
bluetie.com,0
qz.com,0
danarimedia.com,0
symcd.com,0
bigcommerce.com,0
site-analytics.info,0
etsy.com,0
738592845-review-pages.pages.dev,1
myvzw.com,0
4dsply.com,0
ozonemedia.com,0
adap.tv,0
chartbeat.net,0
aliimg.com,0
mastercard.com,0
109.197.125.34.bc.googleusercontent.com,1
apuslauncher.com,0
academiadoacucar.com.br,1
covidquarantine.com,1
newrelic.com,0
giantbomb.com,0
sedoparking.com,0
adscience.nl,0
ribob01.net,0
admaym.com,0
tomshardware.com,0
adoring-shamir.34-125-197-109.plesk.page,1
dnsomatic.com,0
istartsurf.com,0
amazonsupply.com,0
netmahal.com,0
adbutter.net,0
gocyberlink.com,0
java.com,0
bloxcms.com,0
daringfireball.net,0
tabitha-cambodia.org,1
cheapcorona.com,1
iminent.com,0
netbookmedia.com,0
brealtime.com,0
coronavirus-map.com,1
gosulugy.ru,1
bc.vc,0
politico.com,0
meccahoo.com,0
pub-d8e68521c76b4ecd816eb306fc057a59.r2.dev,1
forbesimg.com,0
viewmixed.com,0
eksisozluk.com,0
textme-app.com,0
cnnarabic.com,0
pulse.io,0
targetimg1.com,0
kitchendaily.com,0
projectwonderful.com,0
food.com,0
robbreport.com.tr,0
phpbb.com,0
simply.com,0
espncricinfo.com,0
thesaurus.com,0
feedbackify.com,0
att.net,0
salon.com,0
belkin.com,0
trafficforce.com,0
adfrontiers.com,0
quicknotice.eu.pythonanywhere.com,1
uplynk.com,0
likes-media.com,0
osdimg.com,0
haberturk.com,0
coronavirus-44a93.firebaseio.com,1
prfct.co,0
bugsnag.com,0
scene7.com,0
pedantic-feynman.34-125-197-109.plesk.page,1
reporo.net,0
webtype.com,0
blinkx.com,0
vzwfemto.com,0
whatsapp.com,0
rokojilezel.weebly.com,1
researchgate.net,0
broadcastingcable.com,0
blogblog.com,0
pub-09629487ba124d788b241976d2fe86cf.r2.dev,1
wsj.com,0
predicta.net,0
appwork.org,0
disneyprivacycenter.com,0
corona-club.net,1
dermstore.com,0
shutterstock.com,0
crunchbase.com,0
audioscrobbler.com,0
districtm.ca,0
cdn77.net,0
urbantabloid.com,0
espncareers.com,0
lemonde.fr,0
errorception.com,0
trustpilot.com,0
infostrada.it,0
ethn.io,0
weebly.com,0
leadid.com,0
huluim.com,0
mscimg.com,0
phunware.com,0
innovid.com,0
feedburner.com,0
cmcore.com,0
keezmovies.com,0
yahoo.co.jp,0
go.com,0
sheknows.com,0
putoluxadap.weebly.com,1
voicefive.com,0
onedrive-19e.pages.dev,1
em.io,0
searchignite.com,0
tqlkg.com,0
hungry-ptolemy.34-125-197-109.plesk.page,1
garanti.com.tr,0
webtretho.com,0
footprint.net,0
rediffmail.com,0
dtscout.com,0
predictad.com,0
indianrail.gov.in,0
webwebget.com,0
minireklam.com,0
canonical.com,0
ebay.at,0
adsrv247.com,0
kiloo-games.com,0
office.net,0
wordpress.org,0
trackjs.com,0
btg360.com.br,0
getportal.net,0
claim-starknet.pages.dev,1
worldnow.com,0
flipboard.com,0
box.com,0
yelp-support.com,0
google.sk,0
triggit.com,0
whstatic.com,0
telmex.com,0
joinexpedia.com,0
casinositeleri.biz,0
kgeorucowkmhugt.usa.cc,1
suspicious-wilson.34-125-197-109.plesk.page,1
janrainbackplane.com,0
vimeanchey.com,1
outbrain.com,0
premiereinteractive.com,0
catnip-caramel-amount.glitch.me,1
provenpixel.com,0
realclearsports.com,0
pushbullet.com,0
systemcdn.net,0
dpcdn.com,0
oscarcampbellb1eoi.pages.dev,1
bhaskar.com,0
jolly-jennings.34-125-197-109.plesk.page,1
chicagotribune.com,0
yastatic.net,0
meb.gov.tr,0
ucweb.com,0
amazon.fr,0
crtinv.com,0
doji.vn,0
lavamobiles.com,0
americanas.com.br,0
luselovuxetox.weebly.com,1
stylemepretty.com,0
cardlytics.com,0
usyncapp.com,0
infowars.com,0
starbucks.com,0
offthebus.org,0
netshoes.net,0
baixaki.com.br,0
foxsports.com,0
giga.xxx,0
btttag.com,0
beenverified.com,0
op-cdn.net,0
playwire.com,0
fastly.net,0
yontoo.com,0
controlyourtv.org,0
toplist.cz,0
thenoticememoir.pythonanywhere.com,1
wikivoyage.org,0
mobilityware.com,0
sndcdn.com,0
milliyetvideo.com,0
google.fr,0
realtime.co,0
amkspor.com,0
dt07.net,0
cdn-apple.com,0
